"","Fit","Com","BF","rsq","setting","BFlog"
"H1",7.86389330911136,0.417902537806448,18.8175294421244,"0","N = 400, 1 predictor",2.93478885253935
"2",10.2907060327163,0.567567250436288,18.1312540933359,"0","N = 400, 1 predictor",2.89763719464892
"3",1.17044602100768,0.574091371931431,2.03878002393577,"0","N = 400, 1 predictor",0.712351601483902
"4",0.610760515353186,0.395890788947443,1.54275000177958,"0","N = 400, 1 predictor",0.433566539372549
"5",0.0872460506827774,0.432485980463091,0.201731511826944,"0","N = 400, 1 predictor",-1.60081761505501
"6",1.53569091625161,0.457431669055751,3.35720287889478,"0","N = 400, 1 predictor",1.2111081507547
"7",6.66427498299479,0.360481272418638,18.487160063215,"0","N = 400, 1 predictor",2.91707644048261
"8",8.82024537521678,0.464737977701986,18.9789640580499,"0","N = 400, 1 predictor",2.94333121097828
"9",8.61995155753892,0.519485607821553,16.593244216498,"0","N = 400, 1 predictor",2.80899563761597
"10",7.65637184554661,0.446425187476771,17.150402934971,"0","N = 400, 1 predictor",2.84202166808645
"11",8.67649197818801,0.499945734777683,17.354867487861,"0","N = 400, 1 predictor",2.85387301389774
"12",6.3430464134171,0.535614742288932,11.842553822007,"0","N = 400, 1 predictor",2.47169930062343
"13",8.11523984010322,0.507694966720455,15.9844796030282,"0","N = 400, 1 predictor",2.77161822665051
"14",5.47744445115515,0.469253442922028,11.6726782376859,"0","N = 400, 1 predictor",2.45725091762737
"15",5.20293373657574,0.415441652442865,12.5238615482623,"0","N = 400, 1 predictor",2.52763574848947
"16",10.1985284475184,0.546774817826472,18.6521546256635,"0","N = 400, 1 predictor",2.925961668943
"17",1.65533474012163,0.5063288142905,3.26928804642727,"0","N = 400, 1 predictor",1.18457223839899
"18",5.86777017192508,0.46538874061992,12.6083200124458,"0","N = 400, 1 predictor",2.53435691449121
"19",9.00831186952347,0.560583631008851,16.0695235665581,"0","N = 400, 1 predictor",2.77692453192711
"20",8.55653961762474,0.45037846857069,18.9985539157313,"0","N = 400, 1 predictor",2.9443628665716
"21",4.73330888046772,0.375385376217617,12.6091989202151,"0","N = 400, 1 predictor",2.5344266206167
"22",5.21216979029671,0.472504696367713,11.0309375343023,"0","N = 400, 1 predictor",2.40070382823005
"23",6.06376504040781,0.376221731623888,16.1175299848702,"0","N = 400, 1 predictor",2.77990749859304
"24",8.18856631267505,0.517618224134043,15.8197024967083,"0","N = 400, 1 predictor",2.76125615664488
"25",7.77003333669923,0.499711398430685,15.5490416290294,"0","N = 400, 1 predictor",2.74399900515227
"26",3.22321354026903,0.654204477134303,4.9269206386176,"0","N = 400, 1 predictor",1.59471417598692
"27",9.62023450431805,0.519944028356821,18.5024425315949,"0","N = 400, 1 predictor",2.91790275210411
"28",1.68014573883097,0.455821649835096,3.68597178181158,"0","N = 400, 1 predictor",1.30453420371415
"29",6.80157064903401,0.359756097985544,18.9060607648333,"0","N = 400, 1 predictor",2.93948254604824
"30",3.29496017641592,0.377735577915899,8.72292780731798,"0","N = 400, 1 predictor",2.16595493928683
"31",8.40617217408957,0.503338713517432,16.7008258024612,"0","N = 400, 1 predictor",2.81545816744931
"32",8.31364208611019,0.453228484174259,18.343158862261,"0","N = 400, 1 predictor",2.90925669094243
"33",8.33664851032579,0.561479761587629,14.8476384736526,"0","N = 400, 1 predictor",2.69784082725958
"34",1.05434121361229,0.517870475808085,2.0359168225744,"0","N = 400, 1 predictor",0.710946244501297
"35",8.03803462277417,0.429635897966217,18.7089455532559,"0","N = 400, 1 predictor",2.92900178130908
"36",7.97242937526003,0.425697208573043,18.7279343502956,"0","N = 400, 1 predictor",2.93001622475186
"37",5.9867021780423,0.445277054853792,13.4448925961569,"0","N = 400, 1 predictor",2.59859930130342
"38",8.62401780129795,0.507084446082704,17.0070643418856,"0","N = 400, 1 predictor",2.83362880726211
"39",6.37005576178433,0.55501411061552,11.4772861445267,"0","N = 400, 1 predictor",2.44036996438449
"40",3.74565702408823,0.551390848780098,6.79310698096487,"0","N = 400, 1 predictor",1.91590841879189
"41",9.5948369255728,0.560952226022183,17.1045527238774,"0","N = 400, 1 predictor",2.83934466923514
"42",7.22466636481623,0.409259649920091,17.6530140858667,"0","N = 400, 1 predictor",2.8709065385373
"43",0.13814765416448,0.455672485087093,0.303173131329349,"0","N = 400, 1 predictor",-1.19345124612827
"44",3.57000630277391,0.457711984097917,7.79967845895464,"0","N = 400, 1 predictor",2.0540825096349
"45",6.86682701902814,0.432094419218745,15.8919595199674,"0","N = 400, 1 predictor",2.7658132907535
"46",8.77715928522126,0.462081947039689,18.994811075074,"0","N = 400, 1 predictor",2.94416584055559
"47",6.12385598056868,0.453324909535031,13.5087568579671,"0","N = 400, 1 predictor",2.60333813130363
"48",5.68651267974106,0.469948087955685,12.1002996404941,"0","N = 400, 1 predictor",2.49323021597328
"49",5.49199285107259,0.529599815744033,10.3700807436213,"0","N = 400, 1 predictor",2.33892480848126
"50",1.83273555497461,0.40783821919502,4.4937807903144,"0","N = 400, 1 predictor",1.50269439427224
"51",0.325740674876147,0.417902537808341,0.779465653844722,"0.02","N = 400, 1 predictor",-0.249146653232192
"52",0.0198016136182245,0.567567250444324,0.0348885768210247,"0.02","N = 400, 1 predictor",-3.35559581507042
"53",5.24954193115878e-06,0.574091371930285,9.14408783658964e-06,"0.02","N = 400, 1 predictor",-11.6024030255917
"54",0.000296676501942926,0.395890788900078,0.000749389756622516,"0.02","N = 400, 1 predictor",-7.19625134046977
"55",7.08956134692688,0.432485980454483,16.3925807247595,"0.02","N = 400, 1 predictor",2.796828837637
"56",0.00038752076354028,0.457431669080887,0.000847166450715843,"0.02","N = 400, 1 predictor",-7.07361336465495
"57",0.492933554594382,0.360481272423336,1.36743179827522,"0.02","N = 400, 1 predictor",0.312934380779772
"58",0.228729444354697,0.464737977701725,0.492168609688057,"0.02","N = 400, 1 predictor",-0.708933918580957
"59",0.0224069071393122,0.519485607812996,0.0431328737549514,"0.02","N = 400, 1 predictor",-3.14346984047132
"60",0.937544843042114,0.446425187469968,2.10011636743768,"0.02","N = 400, 1 predictor",0.741992756259691
"61",0.0433979630704305,0.499945734755612,0.0868053471676175,"0.02","N = 400, 1 predictor",-2.44408705589967
"62",0.00298461268825126,0.535614742290605,0.00557231243390967,"0.02","N = 400, 1 predictor",-5.18994515250633
"63",0.663745459674998,0.507694966723295,1.30737057323783,"0.02","N = 400, 1 predictor",0.268017924093893
"64",2.12074969208147,0.469253442983342,4.51941210830233,"0.02","N = 400, 1 predictor",1.50838192085013
"65",0.0355363809404054,0.415441652440898,0.0855388012531095,"0.02","N = 400, 1 predictor",-2.45878519015684
"66",0.0423872946598831,0.546774817825301,0.0775223972977962,"0.02","N = 400, 1 predictor",-2.55718838698362
"67",0.000110363833295324,0.506328814287735,0.000217968699748158,"0.02","N = 400, 1 predictor",-8.43115908462055
"68",1.89854635753459,0.465388740686127,4.07948493712062,"0.02","N = 400, 1 predictor",1.40597073954521
"69",0.00832554210426573,0.560583630998631,0.014851561201376,"0.02","N = 400, 1 predictor",-4.20965028785356
"70",0.321682258263944,0.450378468546871,0.714248750171916,"0.02","N = 400, 1 predictor",-0.336523987719596
"71",3.30707189595858,0.375385376190565,8.80980481850133,"0.02","N = 400, 1 predictor",2.17586528516253
"72",2.2725762491837,0.472504696336817,4.80963737884995,"0.02","N = 400, 1 predictor",1.57062169226329
"73",0.17505544503604,0.376221731624923,0.465298600056847,"0.02","N = 400, 1 predictor",-0.765075928825406
"74",0.0171845347057893,0.517630577885449,0.0331984535689316,"0.02","N = 400, 1 predictor",-3.40525198339359
"75",0.802833638328445,0.499711398412155,1.60659460816677,"0.02","N = 400, 1 predictor",0.47411678869989
"76",1.38237896369245,0.654204477138147,2.11306863832504,"0.02","N = 400, 1 predictor",0.748141221932666
"77",0.0586763119368712,0.519944028180617,0.112851208508329,"0.02","N = 400, 1 predictor",-2.1816850667965
"78",0.000504386068632246,0.455821649818474,0.00110654258926296,"0.02","N = 400, 1 predictor",-6.80651490914344
"79",0.669504691262268,0.359756097986425,1.86099608876548,"0.02","N = 400, 1 predictor",0.621111875973586
"80",0.0216762531584765,0.377735577908363,0.0573847273759716,"0.02","N = 400, 1 predictor",-2.85797708464982
"81",0.0311295762466247,0.503338713515874,0.0618461791448173,"0.02","N = 400, 1 predictor",-2.7831049582068
"82",0.146035896013689,0.45322848413975,0.32221252883272,"0.02","N = 400, 1 predictor",-1.13254392372923
"83",0.460996801886295,0.56147976158782,0.82103903546342,"0.02","N = 400, 1 predictor",-0.197184624419533
"84",2.53601041671919e-05,0.517870475808964,4.89699748331412e-05,"0.02","N = 400, 1 predictor",-9.92430320617419
"85",0.607192899235149,0.429635897970099,1.413273197384,"0.02","N = 400, 1 predictor",0.345908430649769
"86",0.273423291767507,0.425697208600524,0.64229524235403,"0.02","N = 400, 1 predictor",-0.442707201948019
"87",1.95026100381541,0.445277054882301,4.37988210358362,"0.02","N = 400, 1 predictor",1.47702180703604
"88",0.0330716023848434,0.507084446083682,0.0652191220619411,"0.02","N = 400, 1 predictor",-2.73000256989002
"89",1.00578288013584,0.555014110614844,1.8121753319418,"0.02","N = 400, 1 predictor",0.594527964496973
"90",0.000284633674222673,0.551390848704936,0.000516210370359245,"0.02","N = 400, 1 predictor",-7.56899618107287
"91",0.244656864969951,0.560952226022136,0.436145635261811,"0.02","N = 400, 1 predictor",-0.82977906557747
"92",0.191121105971412,0.409259649952248,0.466992301815514,"0.02","N = 400, 1 predictor",-0.761442505784196
"93",8.34211951475678,0.455672485081397,18.3072706557356,"0.02","N = 400, 1 predictor",2.90729828453531
"94",3.82621918439159,0.457711984096496,8.35944724485287,"0.02","N = 400, 1 predictor",2.12339230587391
"95",1.42415585768303,0.432094419216516,3.2959367081513,"0.02","N = 400, 1 predictor",1.19269040923886
"96",0.285598339722335,0.462081947029637,0.618068594885006,"0.02","N = 400, 1 predictor",-0.481155832724374
"97",1.81475213192908,0.453324909532683,4.00320408997565,"0.02","N = 400, 1 predictor",1.38709506296651
"98",1.97925210449583,0.469948087959549,4.21163987088334,"0.02","N = 400, 1 predictor",1.43785208987639
"99",0.00201317415449504,0.529599815743967,0.00380131203721623,"0.02","N = 400, 1 predictor",-5.57240899889115
"100",6.34307306120376,0.407838219162216,15.5529147666291,"0.02","N = 400, 1 predictor",2.74424806585896
"101",1.35505351931363e-09,0.417902537798462,3.24251086497856e-09,"0.13","N = 400, 1 predictor",-19.5469178489406
"102",3.53827857164856e-18,0.567567250441469,6.23411334761896e-18,"0.13","N = 400, 1 predictor",-39.6164953105476
"103",1.29160533625348e-26,0.574091371937659,2.24982537517344e-26,"0.13","N = 400, 1 predictor",-59.0563598156748
"104",2.10791905486316e-15,0.395890788913876,5.3244963355834e-15,"0.13","N = 400, 1 predictor",-32.8664582726556
"105",0.00643455821579032,0.432485980454321,0.014878073525137,"0.13","N = 400, 1 predictor",-4.20786672535553
"106",1.41143402463619e-17,0.457431669084376,3.08556254415311e-17,"0.13","N = 400, 1 predictor",-38.0172125919791
"107",1.89725840877216e-07,0.360481272447912,5.26312614213906e-07,"0.13","N = 400, 1 predictor",-14.4573704771484
"108",1.62723063894665e-11,0.464737977696585,3.501393725152e-11,"0.13","N = 400, 1 predictor",-24.0752749265163
"109",4.12193612620426e-16,0.519485607827368,7.93464932251604e-16,"0.13","N = 400, 1 predictor",-34.7701223286627
"110",3.74441368870031e-09,0.446425187503389,8.38755024025585e-09,"0.13","N = 400, 1 predictor",-18.5965173447702
"111",1.2009844923418e-14,0.49994573477839,2.40222969973763e-14,"0.13","N = 400, 1 predictor",-31.3597939542974
"112",7.23993065751074e-19,0.535614742288602,1.35170488896097e-18,"0.13","N = 400, 1 predictor",-41.1451649974938
"113",1.3222095310232e-11,0.507694966721126,2.6043384663876e-11,"0.13","N = 400, 1 predictor",-24.3712573276233
"114",1.22824845157196e-08,0.469253442950179,2.617452189269e-08,"0.13","N = 400, 1 predictor",-17.4584793461564
"115",7.41036909059405e-12,0.415441652432605,1.78373281716046e-11,"0.13","N = 400, 1 predictor",-24.7497277661584
"116",1.80077679376919e-16,0.546774817826094,3.29345232271092e-16,"0.13","N = 400, 1 predictor",-35.6494251350879
"117",9.64010211552973e-21,0.506328814321031,1.90392129439774e-20,"0.13","N = 400, 1 predictor",-45.4077862613421
"118",1.06677918998012e-08,0.465388740634925,2.29223248616785e-08,"0.13","N = 400, 1 predictor",-17.5911545164883
"119",7.65724394404953e-19,0.560583630986561,1.36594140834503e-18,"0.13","N = 400, 1 predictor",-41.1346878065302
"120",1.23122204234241e-10,0.450378468576655,2.73374978655946e-10,"0.13","N = 400, 1 predictor",-22.0201767150077
"121",2.73593655420783e-05,0.375385376200606,7.28834080298787e-05,"0.13","N = 400, 1 predictor",-9.5266495438957
"122",1.27374775995446e-08,0.472504696378397,2.69573566086716e-08,"0.13","N = 400, 1 predictor",-17.4290096043492
"123",5.21977704698521e-09,0.376221731613504,1.38742039823142e-08,"0.13","N = 400, 1 predictor",-18.0932345496037
"124",2.52980086114864e-16,0.517627377362141,4.88730112004633e-16,"0.13","N = 400, 1 predictor",-35.2547212549718
"125",4.52975911597954e-11,0.499711398425309,9.06475043445821e-11,"0.13","N = 400, 1 predictor",-23.1240427097787
"126",7.74198942200215e-16,0.654204477140212,1.18342042779124e-15,"0.13","N = 400, 1 predictor",-34.3703674818495
"127",4.62506697737024e-15,0.519944028169386,8.89531704721012e-15,"0.13","N = 400, 1 predictor",-32.3532514311217
"128",2.79453812285325e-17,0.455821649825157,6.13077093623169e-17,"0.13","N = 400, 1 predictor",-37.3306260743834
"129",4.4270045152299e-07,0.35975609799819,1.23055718578874e-06,"0.13","N = 400, 1 predictor",-13.6080434945757
"130",4.44097506947065e-11,0.377735577901781,1.17568355465457e-10,"0.13","N = 400, 1 predictor",-22.8640012028523
"131",3.89569871824827e-15,0.50333871351273,7.7397160473923e-15,"0.13","N = 400, 1 predictor",-32.4924113943654
"132",1.20548058978091e-11,0.453228484146152,2.65976352314207e-11,"0.13","N = 400, 1 predictor",-24.3501988051672
"133",5.04285991301596e-14,0.561479761586143,8.98137432197061e-14,"0.13","N = 400, 1 predictor",-30.0410383887766
"134",1.46916794831782e-22,0.51787047580879,2.83694092817964e-22,"0.13","N = 400, 1 predictor",-49.6141457121908
"135",3.30845743079804e-09,0.429635897964406,7.70060752947635e-09,"0.13","N = 400, 1 predictor",-18.6819666112672
"136",4.87521544045248e-10,0.425697208630807,1.14523077474078e-09,"0.13","N = 400, 1 predictor",-20.5876596702567
"137",4.67808085737229e-08,0.445277054834579,1.05060002678786e-07,"0.13","N = 400, 1 predictor",-16.0687341959229
"138",3.26761052294665e-15,0.5070844460787,6.44391786854277e-15,"0.13","N = 400, 1 predictor",-32.6756396750926
"139",1.21697086208945e-12,0.555014110616738,2.19268454406886e-12,"0.13","N = 400, 1 predictor",-26.8458945035936
"140",7.38056640870083e-22,0.551390848582224,1.33853625385301e-21,"0.13","N = 400, 1 predictor",-48.0627102838298
"141",7.23470387985227e-15,0.560952226023602,1.28971836534754e-14,"0.13","N = 400, 1 predictor",-31.9817674288147
"142",6.36225738967674e-10,0.409259649931704,1.55457724472433e-09,"0.13","N = 400, 1 predictor",-20.2820621966226
"143",0.000892521161554608,0.455672485093136,0.00195869004768235,"0.13","N = 400, 1 predictor",-6.23547937219968
"144",3.05190727980654e-07,0.457711984094209,6.66774606272572e-07,"0.13","N = 400, 1 predictor",-14.2208137697695
"145",3.84712097697007e-08,0.432094419234159,8.90342667185723e-08,"0.13","N = 400, 1 predictor",-16.2342445220054
"146",3.66764394802381e-11,0.462081947072288,7.9372154035917e-11,"0.13","N = 400, 1 predictor",-23.2568735140241
"147",2.089302275878e-08,0.453324909526719,4.60884066145687e-08,"0.13","N = 400, 1 predictor",-16.8927044019861
"148",9.03817154369372e-09,0.469948087966773,1.92322764473781e-08,"0.13","N = 400, 1 predictor",-17.7666759043532
"149",5.21983333757107e-19,0.529599815744145,9.8561842024749e-19,"0.13","N = 400, 1 predictor",-41.4610176708959
"150",0.000117081119050258,0.407838219166847,0.000287077359472189,"0.13","N = 400, 1 predictor",-8.15575883332617
"151",8.12497958267419e-23,0.417902537809442,1.94422834215452e-22,"0.26","N = 400, 1 predictor",-49.9920068867726
"152",8.17395669713809e-43,0.567567250447194,1.44017412750607e-42,"0.26","N = 400, 1 predictor",-96.3438098775933
"153",1.1235495617452e-55,0.574091371936979,1.95709187886652e-55,"0.26","N = 400, 1 predictor",-125.970720478527
"154",2.23321691350849e-30,0.395890788932311,5.64099235430892e-30,"0.26","N = 400, 1 predictor",-67.3474927904431
"155",5.41639689971749e-12,0.432485980459258,1.25238670024998e-11,"0.26","N = 400, 1 predictor",-25.1033849319315
"156",2.48861311089289e-36,0.457431669069216,5.44040406287726e-36,"0.26","N = 400, 1 predictor",-81.1992100134119
"157",1.93538483342191e-17,0.36048127240411,5.36889148363936e-17,"0.26","N = 400, 1 predictor",-37.4633251213148
"158",1.11028727918784e-27,0.464737977692613,2.38906078797419e-27,"0.26","N = 400, 1 predictor",-61.298897197874
"159",3.24384814807984e-37,0.519485607821552,6.24434652132679e-37,"0.26","N = 400, 1 predictor",-83.3639719429773
"160",3.04563520988645e-23,0.446425187520699,6.82227458267067e-23,"0.26","N = 400, 1 predictor",-51.0392642060913
"161",4.71408389562907e-34,0.499945734810585,9.42919114494516e-34,"0.26","N = 400, 1 predictor",-76.0440828434922
"162",3.59715848059805e-42,0.535614742290452,6.71594374944854e-42,"0.26","N = 400, 1 predictor",-94.804089542173
"163",1.08914371892624e-29,0.507694966718672,2.14527184692333e-29,"0.26","N = 400, 1 predictor",-66.0117014173152
"164",2.60116046980231e-23,0.469253442934288,5.5431888864512e-23,"0.26","N = 400, 1 predictor",-51.2468871924317
"165",4.02159421967996e-26,0.415441652430446,9.68028650028843e-26,"0.26","N = 400, 1 predictor",-57.5971209198575
"166",3.97897597814923e-39,0.546774817827045,7.27717489617062e-39,"0.26","N = 400, 1 predictor",-87.8160759035882
"167",2.26546024421418e-43,0.506328814318729,4.47428662985016e-43,"0.26","N = 400, 1 predictor",-97.5128120720486
"168",2.93483124361486e-23,0.465388740654487,6.30619305376305e-23,"0.26","N = 400, 1 predictor",-51.1179249639108
"169",1.87455342441392e-43,0.560583630989207,3.34393178963517e-43,"0.26","N = 400, 1 predictor",-97.8040117015659
"170",1.01172273244204e-25,0.450378468563237,2.24638343762206e-25,"0.26","N = 400, 1 predictor",-56.7553057628824
"171",1.61631451503661e-14,0.375385376209198,4.305747153389e-14,"0.26","N = 400, 1 predictor",-30.7762406243016
"172",2.05540144412537e-23,0.472504696361438,4.35001272993298e-23,"0.26","N = 400, 1 predictor",-51.4892783673454
"173",2.36144208855348e-20,0.376221731601542,6.27672962564134e-20,"0.26","N = 400, 1 predictor",-44.2148527752917
"174",1.91736636771876e-37,0.517627330702422,3.7041443795421e-37,"0.26","N = 400, 1 predictor",-83.8861961453974
"175",1.72784418851695e-28,0.499711398423584,3.45768416323441e-28,"0.26","N = 400, 1 predictor",-63.2317835558405
"176",1.04188027628324e-43,0.654204477142261,1.59259117399264e-43,"0.26","N = 400, 1 predictor",-98.5457966398039
"177",1.21972282214677e-35,0.519944028147872,2.34587331734846e-35,"0.26","N = 400, 1 predictor",-79.7378205054436
"178",7.93600127297745e-36,0.455821649833377,1.74103210671946e-35,"0.26","N = 400, 1 predictor",-80.0360001526366
"179",7.48607430389786e-17,0.359756097992948,2.08087488875438e-16,"0.26","N = 400, 1 predictor",-36.1085730630337
"180",1.84797990361767e-23,0.377735577932522,4.892258001569e-23,"0.26","N = 400, 1 predictor",-51.3718031829421
"181",5.90641509036374e-35,0.503338713516105,1.17344740862551e-34,"0.26","N = 400, 1 predictor",-78.1279472423212
"182",2.16673206520311e-27,0.453228484169221,4.78066172115105e-27,"0.26","N = 400, 1 predictor",-60.6052185385299
"183",4.92859333235464e-36,0.561479761585117,8.77786461695556e-36,"0.26","N = 400, 1 predictor",-80.7208301796329
"184",1.31649801647183e-46,0.517870475808488,2.542137615427e-46,"0.26","N = 400, 1 predictor",-104.98590896975
"185",1.13270752654298e-22,0.429635897956803,2.63643594943938e-22,"0.26","N = 400, 1 predictor",-49.6874440599594
"186",8.377898179586e-24,0.425697208591307,1.96804160574829e-23,"0.26","N = 400, 1 predictor",-52.2824181993242
"187",1.91918912970734e-21,0.445277054873128,4.31010111278734e-21,"0.26","N = 400, 1 predictor",-46.893325588991
"188",2.99316541720376e-35,0.507084446083773,5.90269616889269e-35,"0.26","N = 400, 1 predictor",-78.8150690304841
"189",1.65810033851177e-33,0.55501411061484,2.98749222190935e-33,"0.26","N = 400, 1 predictor",-74.8908737550943
"190",1.91386049328231e-47,0.551390848750076,3.47096891002227e-47,"0.26","N = 400, 1 predictor",-106.977065590947
"191",2.4153718165898e-37,0.560952226022027,4.30584228842146e-37,"0.26","N = 400, 1 predictor",-83.7356756685135
"192",5.56813247993755e-23,0.409259649891528,1.36053785937933e-22,"0.26","N = 400, 1 predictor",-50.3489919394668
"193",2.33272904379841e-14,0.455672485084219,5.11931073338183e-14,"0.26","N = 400, 1 predictor",-30.603171494314
"194",1.434358321083e-20,0.457711984111524,3.13375740831271e-20,"0.26","N = 400, 1 predictor",-44.9094691253526
"195",4.38863198286441e-21,0.432094419225678,1.01566504624821e-20,"0.26","N = 400, 1 predictor",-46.0361582439702
"196",5.0506764202785e-27,0.462081947031141,1.09302612939737e-26,"0.26","N = 400, 1 predictor",-59.778262302809
"197",2.56893067876927e-22,0.453324909510989,5.6668641516753e-22,"0.26","N = 400, 1 predictor",-48.9222361407925
"198",1.48228429322378e-23,0.469948087953701,3.15414474751478e-23,"0.26","N = 400, 1 predictor",-51.8107397580605
"199",4.57314312201074e-42,0.529599815744586,8.63509198087836e-42,"0.26","N = 400, 1 predictor",-94.5527395421086
"200",1.81881141854994e-14,0.407838219180781,4.45963946734409e-14,"0.26","N = 400, 1 predictor",-30.7411233760705
"H11",44.3914735854395,2.77226978722237,16.0126816625292,"0","N = 400, 2 predictors",2.77338101220326
"210",25.5124614278411,4.37808318173963,5.82731308857948,"0","N = 400, 2 predictors",1.76255601738156
"310",57.5004995703848,3.38047547112778,17.0095893496313,"0","N = 400, 2 predictors",2.83377726441331
"410",49.6093059288252,2.95984664991001,16.7607689845464,"0","N = 400, 2 predictors",2.81904097613422
"510",39.5396766148137,2.22275328122732,17.7886034175513,"0","N = 400, 2 predictors",2.87855799480478
"610",4.11667296268221,2.51620233859011,1.63606594729932,"0","N = 400, 2 predictors",0.492294547453287
"710",4.56116255163229,3.40408059043788,1.33991027252547,"0","N = 400, 2 predictors",0.292602650918958
"810",39.1514055875316,2.59540157660503,15.0849124622727,"0","N = 400, 2 predictors",2.71369506962917
"910",16.9814753218258,2.43314652762428,6.97922427976685,"0","N = 400, 2 predictors",1.94293777589447
"1010",25.976565119853,2.78610772455226,9.3236039981288,"0","N = 400, 2 predictors",2.23254924902842
"1110",35.3961971824833,2.87043653928591,12.3312941073726,"0","N = 400, 2 predictors",2.51214026766004
"1210",3.8485144601366,3.43434979439557,1.12059478228365,"0","N = 400, 2 predictors",0.113859599957279
"1310",33.3042409376734,2.5462526362845,13.0797079846213,"0","N = 400, 2 predictors",2.57106202044507
"1410",39.7249443000434,3.02667512259812,13.1249449283289,"0","N = 400, 2 predictors",2.57451461253204
"1510",35.3133306017599,2.34954802785706,15.0298398598678,"0","N = 400, 2 predictors",2.71003754900871
"1610",22.1479781548164,2.45801569899474,9.01051126885572,"0","N = 400, 2 predictors",2.19839181461141
"1710",24.2546586652934,2.34827788389794,10.3287003772453,"0","N = 400, 2 predictors",2.33492646468869
"1810",29.4748171015816,2.94185797080488,10.0191162843655,"0","N = 400, 2 predictors",2.30449489659419
"1910",46.1510692047804,2.77388881547334,16.637678102792,"0","N = 400, 2 predictors",2.81166988856503
"201",18.1509940853474,2.75878369582803,6.57934658407481,"0","N = 400, 2 predictors",1.88393543707423
"211",33.3051079891095,2.56539683615336,12.9824390206422,"0","N = 400, 2 predictors",2.56359759968253
"221",64.507794575124,3.6653259436055,17.5994701610818,"0","N = 400, 2 predictors",2.86786879710697
"231",31.8436609239974,2.91192851500807,10.9355915709727,"0","N = 400, 2 predictors",2.39202275151983
"241",6.02088972697113,2.20469723589084,2.73093721394281,"0","N = 400, 2 predictors",1.00464485209284
"251",22.4242557991881,2.07225484682459,10.8211863196024,"0","N = 400, 2 predictors",2.38150590877622
"261",52.3898348522202,2.92266185728894,17.9253835751006,"0","N = 400, 2 predictors",2.88621778514658
"271",36.4598559375816,2.33520814436919,15.6131075619516,"0","N = 400, 2 predictors",2.7481107897915
"281",16.5494078605847,2.81493640346268,5.87914094266112,"0","N = 400, 2 predictors",1.77141065305027
"291",51.4506265882824,2.75642445128541,18.6657125916473,"0","N = 400, 2 predictors",2.92668828959907
"301",32.3186789754675,3.0106018169669,10.7349563111696,"0","N = 400, 2 predictors",2.37350536156649
"311",32.7463353817878,3.06684965958051,10.6775156974167,"0","N = 400, 2 predictors",2.3681401938721
"321",34.0516830231626,2.88392116911687,11.8074250391491,"0","N = 400, 2 predictors",2.46872857418861
"331",14.5750299038487,2.4337712175638,5.98866064265412,"0","N = 400, 2 predictors",1.78986778823627
"341",11.2435284112914,3.22091199787892,3.4907903161265,"0","N = 400, 2 predictors",1.25012816219022
"351",3.27978594927611,3.14498334461092,1.04286274040089,"0","N = 400, 2 predictors",0.0419695665923325
"361",1.47776755238417,2.82982176071583,0.522212237144702,"0","N = 400, 2 predictors",-0.649681189164212
"371",15.3725366782309,2.95692981730539,5.19881689050017,"0","N = 400, 2 predictors",1.64843107864288
"381",28.70157211998,3.16156338907655,9.07828456615678,"0","N = 400, 2 predictors",2.20588525033266
"391",3.68450530689066,3.3512213135355,1.09945150205659,"0","N = 400, 2 predictors",0.0948114209507926
"401",25.6573246337745,2.55462076064179,10.0434964864721,"0","N = 400, 2 predictors",2.30692530926138
"411",66.6554456073705,4.08033992172612,16.3357580216437,"0","N = 400, 2 predictors",2.79335644872958
"421",31.3580049106345,2.54270511135576,12.3325370175996,"0","N = 400, 2 predictors",2.51224105575106
"431",19.6904589402522,2.35307128833031,8.36798232076692,"0","N = 400, 2 predictors",2.12441279460128
"441",15.6377462704605,4.04961682006452,3.86153726766953,"0","N = 400, 2 predictors",1.35106536006685
"451",11.5290331730819,2.93274353617754,3.93114264198788,"0","N = 400, 2 predictors",1.36893013221941
"461",25.332315900469,2.80808854546225,9.02119555361065,"0","N = 400, 2 predictors",2.19957687003745
"471",39.0369795191262,3.16964126819597,12.3158983039568,"0","N = 400, 2 predictors",2.51089097279828
"481",0.779059183947344,2.51718835820207,0.309495783821198,"0","N = 400, 2 predictors",-1.17281080949891
"491",4.84741705199535,3.62430552193633,1.33747473071905,"0","N = 400, 2 predictors",0.290783306689212
"501",40.0963696521552,2.11152506137878,18.9892937505431,"0","N = 400, 2 predictors",2.94387533353456
"511",1.86902237565363,2.77226975887018,0.674184887554139,"0.02","N = 400, 2 predictors",-0.394250891808459
"521",13.9760352555941,4.37808318214067,3.19227266229339,"0.02","N = 400, 2 predictors",1.16073309645742
"531",7.73927050536777,3.38047546678422,2.28940294979569,"0.02","N = 400, 2 predictors",0.828291062959386
"541",1.28486728790307,2.95984664992725,0.434099276033322,"0.02","N = 400, 2 predictors",-0.834482024419694
"551",16.3489992806804,2.22275328129902,7.35529193376141,"0.02","N = 400, 2 predictors",1.99542004514353
"561",0.924426935758068,2.51620233860478,0.367389745083322,"0.02","N = 400, 2 predictors",-1.00133201872098
"571",3.3603617886633,3.40408023722851,0.987157045216773,"0.02","N = 400, 2 predictors",-0.0129261385110917
"581",0.0846586902339295,2.5953428309977,0.0326194633028057,"0.02","N = 400, 2 predictors",-3.42284613493487
"591",0.40923181026887,2.43314652735959,0.168190368178509,"0.02","N = 400, 2 predictors",-1.78265879718217
"601",0.388407507751483,2.78610772485474,0.139408646796575,"0.02","N = 400, 2 predictors",-1.97034575390958
"611",0.415876994714162,2.87044326762982,0.144882499300381,"0.02","N = 400, 2 predictors",-1.93183221472487
"621",0.0612152079767446,3.43445722683877,0.0178238376353546,"0.02","N = 400, 2 predictors",-4.0272185246058
"631",0.126975615930377,2.54625260922772,0.0498676429315034,"0.02","N = 400, 2 predictors",-2.9983829247981
"641",2.20290785396355,3.02670418046072,0.72782397043778,"0.02","N = 400, 2 predictors",-0.317696058872709
"651",5.14071294348441,2.34954803153559,2.18795822621452,"0.02","N = 400, 2 predictors",0.782968792153763
"661",8.09209376278776,2.45801569866709,3.2921245243372,"0.02","N = 400, 2 predictors",1.1915331084473
"671",0.237287111244112,2.34827788414493,0.101047287821524,"0.02","N = 400, 2 predictors",-2.29216667545783
"681",16.34501956782,2.94185797045362,5.55601926808851,"0.02","N = 400, 2 predictors",1.71488189286458
"691",2.02414521473336,2.77387048617842,0.729718717877864,"0.02","N = 400, 2 predictors",-0.315096137069276
"701",0.0617252175650855,2.75764930300696,0.0223832731369359,"0.02","N = 400, 2 predictors",-3.79944133402479
"711",0.660544180120257,2.56539683669688,0.257482261875224,"0.02","N = 400, 2 predictors",-1.35680444717255
"721",4.60596884037554,3.66537480781271,1.25661605753332,"0.02","N = 400, 2 predictors",0.228422439460942
"731",0.489374621378597,2.91192827351219,0.168058611137541,"0.02","N = 400, 2 predictors",-1.7834424846032
"741",1.71658728318951,2.2046972339985,0.778604543389506,"0.02","N = 400, 2 predictors",-0.250252008490793
"751",11.4069246278398,2.07225484679018,5.50459546300909,"0.02","N = 400, 2 predictors",1.70558328209918
"761",6.77487477472871,2.92266185732717,2.31804947183472,"0.02","N = 400, 2 predictors",0.840726087155177
"771",14.0506090946721,2.33538849659622,6.01639047000125,"0.02","N = 400, 2 predictors",1.79448748979415
"781",0.940456574212309,2.81480892099169,0.334110271997068,"0.02","N = 400, 2 predictors",-1.09628418481498
"791",1.34976982618155,2.75642445168083,0.489681415124031,"0.02","N = 400, 2 predictors",-0.714000272547993
"801",19.6053845102911,3.01062571531032,6.51206306070838,"0.02","N = 400, 2 predictors",1.87365631242307
"811",0.195883813909721,3.06684967568814,0.063871345068704,"0.02","N = 400, 2 predictors",-2.75088445215483
"821",1.15223956922794,2.88393741319409,0.399536953872996,"0.02","N = 400, 2 predictors",-0.917449017745822
"831",16.601997849655,2.43377283140169,6.82150677148177,"0.02","N = 400, 2 predictors",1.92008038168786
"841",0.00642094078304464,3.22090306086736,0.00199352189795974,"0.02","N = 400, 2 predictors",-6.21785240652311
"851",28.5946566872398,3.14513299503961,9.09171622705249,"0.02","N = 400, 2 predictors",2.20736369422434
"861",2.19964375953505,2.82982176089992,0.777308235425942,"0.02","N = 400, 2 predictors",-0.251918307889003
"871",3.28772573137022,2.9569297990036,1.1118714189556,"0.02","N = 400, 2 predictors",0.106044558707061
"881",0.298457708491938,3.16146082558722,0.0944049997635197,"0.02","N = 400, 2 predictors",-2.3601612436366
"891",9.45410661866979,3.35122131275844,2.82109289012845,"0.02","N = 400, 2 predictors",1.03712435956298
"901",0.590474614494131,2.55462076160923,0.231139832325708,"0.02","N = 400, 2 predictors",-1.46473241685819
"911",1.9632598800602,4.0803399192182,0.481151060678386,"0.02","N = 400, 2 predictors",-0.731574002717051
"921",0.617065544747988,2.54256019427053,0.242694566735726,"0.02","N = 400, 2 predictors",-1.41595155325037
"931",0.224744425207436,2.35307128865219,0.0955110991712312,"0.02","N = 400, 2 predictors",-2.34851281656039
"941",40.9650237983291,4.04934025203759,10.1164686710918,"0.02","N = 400, 2 predictors",2.31416465741936
"951",2.49839200282675,2.93274353600478,0.851895834788971,"0.02","N = 400, 2 predictors",-0.160291019264498
"961",0.402948936532202,2.80808859507926,0.143495806093265,"0.02","N = 400, 2 predictors",-1.94144947004045
"971",0.101894641255685,3.16964126853614,0.0321470578601923,"0.02","N = 400, 2 predictors",-3.43743434538833
"981",10.4391230664769,2.51718835972607,4.14713623878861,"0.02","N = 400, 2 predictors",1.42241803309708
"991",0.00102255460464583,3.62430552202274,0.000282138080918504,"0.02","N = 400, 2 predictors",-8.17311395821777
"1001",7.12092070189947,2.11152506107084,3.3724064341856,"0.02","N = 400, 2 predictors",1.21562656495971
"1011",2.74762953264422e-08,2.77226974828113,9.9111189823711e-09,"0.13","N = 400, 2 predictors",-18.4296085805116
"1021",1.16460227258844e-10,4.37808318201012,2.66007342522381e-11,"0.13","N = 400, 2 predictors",-24.3500822970543
"1031",6.4421818505994e-09,3.38047546442655,1.90570288658854e-09,"0.13","N = 400, 2 predictors",-20.0784149270824
"1041",1.08609399781104e-12,2.95984664992771,3.66942658275073e-13,"0.13","N = 400, 2 predictors",-28.6335708035456
"1051",0.000846158391237518,2.22275328133103,0.000380680302372929,"0.13","N = 400, 2 predictors",-7.87355063646359
"1061",6.47018060884342e-08,2.51620233901778,2.57140711957573e-08,"0.13","N = 400, 2 predictors",-17.4762274775335
"1071",1.37327828368757e-09,3.40407940758099,4.03421342236976e-10,"0.13","N = 400, 2 predictors",-21.6310395859155
"1081",1.81434533492628e-17,2.59535856683915,6.99073090750594e-18,"0.13","N = 400, 2 predictors",-39.5019465583774
"1091",2.11016137507872e-11,2.43314652738119,8.67256185080601e-12,"0.13","N = 400, 2 predictors",-25.470856884261
"1101",3.61736449295693e-10,2.7861077244555,1.29835772723536e-10,"0.13","N = 400, 2 predictors",-22.7647507508343
"1111",3.30972805109254e-13,2.8704722645628,1.15302561601188e-13,"0.13","N = 400, 2 predictors",-29.7912167510465
"1121",4.16390601763785e-13,3.43408160527441,1.21252389903679e-13,"0.13","N = 400, 2 predictors",-29.7409021547415
"1131",2.65943707697454e-14,2.54622818091617,1.04446141037432e-14,"0.13","N = 400, 2 predictors",-32.1926899461334
"1141",6.12135992900473e-10,3.02670037212377,2.02245322509724e-10,"0.13","N = 400, 2 predictors",-22.321539687527
"1151",1.74772137596692e-08,2.34954803328801,7.43854286528936e-09,"0.13","N = 400, 2 predictors",-18.7165908587224
"1161",1.0954216647907e-08,2.4580156974687,4.45652835300757e-09,"0.13","N = 400, 2 predictors",-19.2288957702087
"1171",3.92544414029848e-11,2.34827788375931,1.67162675569483e-11,"0.13","N = 400, 2 predictors",-24.814638765432
"1181",3.34675937637441e-06,2.94185797069621,1.13763458661547e-06,"0.13","N = 400, 2 predictors",-13.6865593752166
"1191",1.40148922820742e-10,2.7738725437999,5.05246440158184e-11,"0.13","N = 400, 2 predictors",-23.7085598983674
"1201",5.92611926344677e-14,2.75759091048122,2.14902045148264e-14,"0.13","N = 400, 2 predictors",-31.4711791675577
"1211",7.57679771176037e-12,2.56539683606747,2.95346030104837e-12,"0.13","N = 400, 2 predictors",-26.5480436495781
"1221",3.74547867284726e-10,3.66540821839006,1.02184489412543e-10,"0.13","N = 400, 2 predictors",-23.0042412166773
"1231",6.87712359469944e-10,2.91191016775991,2.36172244282862e-10,"0.13","N = 400, 2 predictors",-22.1664597284568
"1241",6.33847165122576e-06,2.2046972355937,2.87498507681437e-06,"0.13","N = 400, 2 predictors",-12.7594630744017
"1251",1.31589669393562e-05,2.07225484681193,6.35007173929433e-06,"0.13","N = 400, 2 predictors",-11.9670444475968
"1261",3.33022522034368e-08,2.92266185770196,1.13944937269006e-08,"0.13","N = 400, 2 predictors",-18.2901356046434
"1271",8.8984164474203e-05,2.33539579630267,3.81023913013289e-05,"0.13","N = 400, 2 predictors",-10.1752335139868
"1281",1.37342507475428e-10,2.81493577784753,4.87906362043004e-11,"0.13","N = 400, 2 predictors",-23.7434827025404
"1291",4.11224364607602e-11,2.75642445170901,1.49187605832127e-11,"0.13","N = 400, 2 predictors",-24.9284015954338
"1301",4.33796599783789e-07,3.01036260615842,1.44101112236896e-07,"0.13","N = 400, 2 predictors",-15.7527506154635
"1311",2.19104361393023e-14,3.06684967601625,7.1442810877393e-15,"0.13","N = 400, 2 predictors",-32.5724642061224
"1321",1.85497559346491e-10,2.8830887831335,6.4339870638629e-11,"0.13","N = 400, 2 predictors",-23.4668416047099
"1331",3.17407482504445e-09,2.43377471821833,1.30417774549325e-09,"0.13","N = 400, 2 predictors",-20.4576930748374
"1341",3.90510994525741e-16,3.22092721211514,1.21241794305962e-16,"0.13","N = 400, 2 predictors",-36.6487448221925
"1351",5.00461221755571e-05,3.14507550366095,1.59125344104782e-05,"0.13","N = 400, 2 predictors",-11.0484034316021
"1361",2.58095376490502e-05,2.82982176275846,9.12055239263252e-06,"0.13","N = 400, 2 predictors",-11.6049801863447
"1371",1.35770432454822e-08,2.95692985441378,4.59160139535128e-09,"0.13","N = 400, 2 predictors",-19.1990369858451
"1381",3.38730988880817e-13,3.16143389070633,1.07144732609018e-13,"0.13","N = 400, 2 predictors",-29.864595833238
"1391",2.81164134399894e-06,3.35122131341876,8.38990051997084e-07,"0.13","N = 400, 2 predictors",-13.9910669875256
"1401",2.2827906098844e-09,2.55462075621649,8.93592759054117e-10,"0.13","N = 400, 2 predictors",-20.835770971324
"1411",8.4688962825179e-14,4.08033991791271,2.07553695351199e-14,"0.13","N = 400, 2 predictors",-31.505971408933
"1421",1.16212421557842e-10,2.54257557370601,4.57065751593187e-11,"0.13","N = 400, 2 predictors",-23.8087789518061
"1431",6.73224489234068e-12,2.35307128904844,2.86104586957208e-12,"0.13","N = 400, 2 predictors",-26.579833869283
"1441",5.01502682717337e-08,4.04927473606914,1.23850001643547e-08,"0.13","N = 400, 2 predictors",-18.2067797607346
"1451",6.27448808091461e-08,2.93274353554394,2.13946020334535e-08,"0.13","N = 400, 2 predictors",-17.6601271881642
"1461",1.10374391936211e-11,2.80808854279206,3.93058802292846e-12,"0.13","N = 400, 2 predictors",-26.2622320770851
"1471",6.73225791687077e-15,3.16964126832207,2.12398102717619e-15,"0.13","N = 400, 2 predictors",-33.7854842241621
"1481",0.00282671108651184,2.5171883596886,0.00112296367319191,"0.13","N = 400, 2 predictors",-6.79178395175268
"1491",1.88640279613862e-21,3.62430552215059,5.20486693135976e-22,"0.13","N = 400, 2 predictors",-49.0072779096697
"1501",2.0870541123915e-05,2.11152506141914,9.88410770265166e-06,"0.13","N = 400, 2 predictors",-11.5245823732308
"1511",7.06530306822673e-20,2.77226974938082,2.54856262447215e-20,"0.26","N = 400, 2 predictors",-45.1161723363136
"1521",3.53352161913497e-30,4.37808318233752,8.07093303615208e-31,"0.26","N = 400, 2 predictors",-69.2918687893541
"1531",1.07577806924098e-23,3.38047546412593,3.18232769519343e-24,"0.26","N = 400, 2 predictors",-54.1044293232109
"1541",1.51981967130539e-31,2.95984664999126,5.13479193697375e-32,"0.26","N = 400, 2 predictors",-72.0466836518528
"1551",7.95542704004067e-11,2.22275328128914,3.57908685008294e-11,"0.26","N = 400, 2 predictors",-24.053328324867
"1561",1.24807480582046e-19,2.51620233815758,4.96015279412834e-20,"0.26","N = 400, 2 predictors",-44.4502653143507
"1571",2.71238972381793e-26,3.40407925508628,7.96805691220366e-27,"0.26","N = 400, 2 predictors",-60.0943568479866
"1581",8.17637542738479e-41,2.59535090217212,3.15039304339993e-41,"0.26","N = 400, 2 predictors",-93.2584615920197
"1591",5.64411160593583e-27,2.43314652735673,2.31967600079859e-27,"0.26","N = 400, 2 predictors",-61.3283699897419
"1601",4.35630874693809e-23,2.7861077246531,1.56358230817529e-23,"0.26","N = 400, 2 predictors",-52.5124775987926
"1611",1.79802024766973e-31,2.87100841022498,6.26267844171459e-32,"0.26","N = 400, 2 predictors",-71.8481150161175
"1621",6.16512554054675e-30,3.43448664365313,1.79506464290371e-30,"0.26","N = 400, 2 predictors",-68.4925117557699
"1631",1.04715341294263e-32,2.54622889400181,4.1125659024977e-33,"0.26","N = 400, 2 predictors",-74.571260927917
"1641",7.33432978772793e-25,3.02660269627226,2.42328793163414e-25,"0.26","N = 400, 2 predictors",-56.679502057376
"1651",3.20128875841326e-22,2.34954802566982,1.36251258686259e-22,"0.26","N = 400, 2 predictors",-50.3475415602921
"1661",6.90517015246103e-24,2.45801569782178,2.80924574996823e-24,"0.26","N = 400, 2 predictors",-54.229126200923
"1671",4.58504839893803e-25,2.34827788391729,1.95251525824084e-25,"0.26","N = 400, 2 predictors",-56.8955089074299
"1681",8.38418648049569e-18,2.94185797061559,2.8499630384064e-18,"0.26","N = 400, 2 predictors",-40.3992256486766
"1691",2.09865679242838e-26,2.77390639098226,7.56570877536076e-27,"0.26","N = 400, 2 predictors",-60.1461714765983
"1701",4.49728735537234e-31,2.75759086146606,1.63087549288634e-31,"0.26","N = 400, 2 predictors",-70.8910208999897
"1711",1.9282436855709e-28,2.56539683611174,7.51635637195786e-29,"0.26","N = 400, 2 predictors",-64.7578862012914
"1721",3.04194035878897e-26,3.66540869044524,8.29904825270512e-27,"0.26","N = 400, 2 predictors",-60.0536566709604
"1731",1.65550188297612e-22,2.91191722894122,5.68526421878435e-23,"0.26","N = 400, 2 predictors",-51.2215795362613
"1741",1.01032671298217e-14,2.20469723397185,4.5826097906515e-15,"0.26","N = 400, 2 predictors",-33.0165077357859
"1751",8.77246817261083e-16,2.07225484695477,4.23329600869421e-16,"0.26","N = 400, 2 predictors",-35.3983805999911
"1761",1.4784471351146e-21,2.92266185483577,5.05856376326394e-22,"0.26","N = 400, 2 predictors",-49.0357894441124
"1771",2.15040702528742e-13,2.33535363186753,9.20805738344554e-14,"0.26","N = 400, 2 predictors",-30.0161123986045
"1781",4.92029608875429e-26,2.81495410373192,1.74791343213419e-26,"0.26","N = 400, 2 predictors",-59.3087896657889
"1791",3.63393167124573e-27,2.75642445111706,1.31834981719635e-27,"0.26","N = 400, 2 predictors",-61.8934166948036
"1801",1.65475606136299e-20,3.01037441981395,5.49684467975669e-21,"0.26","N = 400, 2 predictors",-46.6501127198519
"1811",1.20560769318324e-33,3.0668496093704,3.93109492392337e-34,"0.26","N = 400, 2 predictors",-76.9189751681237
"1821",2.01228042765157e-25,2.88391044550047,6.97761066329631e-26,"0.26","N = 400, 2 predictors",-57.9245058715216
"1831",7.0952295255512e-27,2.43374167976241,2.9153585134162e-27,"0.26","N = 400, 2 predictors",-61.0998047094342
"1841",5.56722946335974e-34,3.22092111597999,1.72845880507256e-34,"0.26","N = 400, 2 predictors",-77.7406630144631
"1851",3.64849287439458e-17,3.14491538464711,1.16012433663743e-17,"0.26","N = 400, 2 predictors",-38.9954193947682
"1861",1.54733908238177e-14,2.82982176231773,5.46797364762098e-15,"0.26","N = 400, 2 predictors",-32.8398682954423
"1871",1.7309817089189e-22,2.95692976693589,5.85398316955166e-23,"0.26","N = 400, 2 predictors",-51.1923348256314
"1881",4.37794872859457e-31,3.16148559536204,1.38477579496712e-31,"0.26","N = 400, 2 predictors",-71.0545996371704
"1891",8.0632804854578e-19,3.35122131371436,2.40607221387023e-19,"0.26","N = 400, 2 predictors",-42.8711211357074
"1901",1.6139492599919e-21,2.55462077870373,6.31776455216519e-22,"0.26","N = 400, 2 predictors",-48.8135066103809
"1911",4.33777933480974e-35,4.08033992131094,1.06309263896232e-35,"0.26","N = 400, 2 predictors",-80.5292960106285
"1921",4.69542768445407e-25,2.54251003794427,1.84676859260329e-25,"0.26","N = 400, 2 predictors",-56.9511899197327
"1931",2.7011384474612e-27,2.35307128899983,1.14792036267177e-27,"0.26","N = 400, 2 predictors",-62.0318455858431
"1941",6.83195539519653e-25,4.04921944513047,1.68722774543932e-25,"0.26","N = 400, 2 predictors",-57.0415405301386
"1951",2.03202723242943e-20,2.93274353605193,6.92875871159517e-21,"0.26","N = 400, 2 predictors",-46.4186062738126
"1961",2.03595966369726e-27,2.80808855883145,7.25033994136032e-28,"0.26","N = 400, 2 predictors",-62.4913342476024
"1971",6.66663894679979e-34,3.1696412686431,2.10327869363391e-34,"0.26","N = 400, 2 predictors",-77.5443957519201
"1981",8.32148702446626e-12,2.51718835922521,3.30586584590261e-12,"0.26","N = 400, 2 predictors",-26.4353226963299
"1991",1.1901477611224e-46,3.62430552192846,3.28379534760946e-47,"0.26","N = 400, 2 predictors",-107.032499499096
"2001",5.2743221648958e-14,2.11152506139512,2.49787334345488e-14,"0.26","N = 400, 2 predictors",-31.3207515946793
"H12",8.83513242522264,1.23261742229131,7.16778155609634,"0","N = 3200, 1 predictor",1.96959620033331
"212",13.2900827529212,1.18833293593589,11.1838040931301,"0","N = 3200, 1 predictor",2.41446666862936
"312",23.160453520719,1.32560583292768,17.4715989817031,"0","N = 3200, 1 predictor",2.86057664724455
"412",11.5966640516599,1.28581365788046,9.01893052744195,"0","N = 3200, 1 predictor",2.19932576024249
"512",18.6520169053237,1.18544476710513,15.734193125566,"0","N = 3200, 1 predictor",2.75583625024166
"612",9.70021406302918,1.20709307360754,8.03601170043912,"0","N = 3200, 1 predictor",2.08393290295451
"712",2.38381421198117,1.19635190544409,1.99256941133578,"0","N = 3200, 1 predictor",0.689424967379494
"812",7.78889960517726,1.37023246089561,5.68436365905849,"0","N = 3200, 1 predictor",1.73771918761445
"912",23.1359512044495,1.23471056662896,18.7379551368187,"0","N = 3200, 1 predictor",2.93055115329082
"1012",13.7297195933868,1.04610701139622,13.124584238339,"0","N = 3200, 1 predictor",2.57448713089702
"1112",16.8545319588678,1.12270039972839,15.0124930595422,"0","N = 3200, 1 predictor",2.70888272509407
"1212",10.0796772275035,1.24420458632559,8.10130209957751,"0","N = 3200, 1 predictor",2.09202480179327
"1312",20.7004122650324,1.14977748409474,18.0038420923945,"0","N = 3200, 1 predictor",2.89058518469652
"1412",1.69840356624967,1.17386366019989,1.44684908804525,"0","N = 3200, 1 predictor",0.369388149221688
"1512",15.5310911676682,1.09344546924906,14.2038095217811,"0","N = 3200, 1 predictor",2.65351020480936
"1612",14.7722936701595,1.19587870357738,12.3526689002566,"0","N = 3200, 1 predictor",2.51387214501054
"1712",25.6871388834662,1.37513598576869,18.6797081519959,"0","N = 3200, 1 predictor",2.92743780912382
"1812",26.4472850744713,1.39272749035757,18.989562033906,"0","N = 3200, 1 predictor",2.94388946157277
"1912",18.8642371605558,1.00803190327561,18.7139286953679,"0","N = 3200, 1 predictor",2.92926809661711
"202",14.899494668522,1.11013200356755,13.421372071646,"0","N = 3200, 1 predictor",2.5968483671255
"213",19.5860289493988,1.08813072497937,17.9997021495466,"0","N = 3200, 1 predictor",2.89035521051184
"222",2.94710782141111,1.54667829018772,1.90544332335164,"0","N = 3200, 1 predictor",0.644714697174724
"232",23.0612350972848,1.21374925085173,18.9999994488993,"0","N = 3200, 1 predictor",2.94443895016114
"242",21.0073453414108,1.2114040257715,17.3413203972407,"0","N = 3200, 1 predictor",2.85309211592972
"252",18.7496949591926,1.22461762378071,15.3106525621504,"0","N = 3200, 1 predictor",2.72854883202385
"262",19.9335704318361,1.13525095951109,17.5587347139708,"0","N = 3200, 1 predictor",2.86555153059783
"272",22.6497441620326,1.19413383197182,18.9675089639091,"0","N = 3200, 1 predictor",2.94272746082305
"282",9.18890356462946,1.26041668248863,7.2903696787688,"0","N = 3200, 1 predictor",1.98655425512836
"292",23.5168460260149,1.25471676224131,18.7427527340964,"0","N = 3200, 1 predictor",2.93080715684979
"302",5.11727636790276,1.05663253706584,4.84300472339506,"0","N = 3200, 1 predictor",1.57753533872416
"313",21.8775079468829,1.22391843650311,17.8749721340825,"0","N = 3200, 1 predictor",2.88340152964641
"322",24.66791267994,1.33941926041694,18.4168717062209,"0","N = 3200, 1 predictor",2.91326718503724
"332",18.9890986235461,1.2141597823921,15.639703191399,"0","N = 3200, 1 predictor",2.74981275740506
"342",21.2734831067754,1.22807490903736,17.3226266168493,"0","N = 3200, 1 predictor",2.85201354387928
"352",24.0511182487586,1.30213361904297,18.4705454932002,"0","N = 3200, 1 predictor",2.91617732778695
"362",13.3981547498601,1.13533126453756,11.8010973258253,"0","N = 3200, 1 predictor",2.46819252086198
"372",19.1543682548061,1.33863067009759,14.3089267881556,"0","N = 3200, 1 predictor",2.66088359342228
"382",15.5618391683927,1.09572870165213,14.2022739250406,"0","N = 3200, 1 predictor",2.65340208735313
"392",5.50036169885211,1.2411513814992,4.43166061839143,"0","N = 3200, 1 predictor",1.48877437124026
"402",19.2428409975432,1.15505217412128,16.6597158368041,"0","N = 3200, 1 predictor",2.81299357997883
"413",4.54246445398635,1.23243468081267,3.68576487233469,"0","N = 3200, 1 predictor",1.30447806783012
"422",5.58490341239453,1.237818287028,4.51189279631977,"0","N = 3200, 1 predictor",1.50671675423259
"432",7.94844178559406,1.1779571742761,6.74764920081131,"0","N = 3200, 1 predictor",1.90919417767909
"442",21.1217570295289,1.14955736096681,18.3738173898212,"0","N = 3200, 1 predictor",2.9109266832901
"452",15.160576567079,1.31240196738238,11.5517782995382,"0","N = 3200, 1 predictor",2.44683939044434
"462",20.3951490818349,1.07912497206937,18.8997100518622,"0","N = 3200, 1 predictor",2.93914658077661
"472",18.1973617066883,1.10353586924514,16.4900500417226,"0","N = 3200, 1 predictor",2.80275717123777
"482",16.1400054913939,1.19919234156172,13.4590631811196,"0","N = 3200, 1 predictor",2.59965272158038
"492",16.1327885167343,1.33509479093815,12.0836277890037,"0","N = 3200, 1 predictor",2.4918514610808
"502",20.0728581238616,1.33622608385719,15.0220523056388,"0","N = 3200, 1 predictor",2.70951927519351
"513",9.44982014599632e-13,1.232617422117,7.66646647730031e-13,"0.02","N = 3200, 1 predictor",-27.896750393659
"522",3.09840303831728e-05,1.18833293599531,2.60735265720978e-05,"0.02","N = 3200, 1 predictor",-10.5545900659761
"532",1.3406352593628e-08,1.32560583256932,1.01133777962061e-08,"0.02","N = 3200, 1 predictor",-18.4094067552431
"542",6.05751122441722e-06,1.28581365783855,4.71103350589688e-06,"0.02","N = 3200, 1 predictor",-12.2656032460032
"552",1.73436143772834e-09,1.18544476716483,1.46304702316611e-09,"0.02","N = 3200, 1 predictor",-20.3427445738213
"562",8.05231634839414e-05,1.20709307358629,6.6708330323449e-05,"0.02","N = 3200, 1 predictor",-9.61518072043557
"572",1.16629755308762e-14,1.19635190544409,9.74878334527068e-15,"0.02","N = 3200, 1 predictor",-32.2616339027877
"582",7.22190041836929e-16,1.37023246044572,5.27056585422018e-16,"0.02","N = 3200, 1 predictor",-35.1792237583982
"592",5.58213145476351e-08,1.2347105663923,4.52100403665771e-08,"0.02","N = 3200, 1 predictor",-16.911946642772
"602",0.000460258564989546,1.04610701157379,0.00043997273691639,"0.02","N = 3200, 1 predictor",-7.72879779452532
"613",2.93762800875478e-05,1.12270039972005,2.6165734059481e-05,"0.02","N = 3200, 1 predictor",-10.5510598635181
"622",1.20596943850787e-12,1.24420458631434,9.69269404544044e-13,"0.02","N = 3200, 1 predictor",-27.662233798396
"632",3.79095654096484e-08,1.14977748417109,3.29712191546164e-08,"0.02","N = 3200, 1 predictor",-17.2276308028511
"642",0.0119899616644302,1.17386366025652,0.0102141007259822,"0.02","N = 3200, 1 predictor",-4.58398608924449
"652",9.18971652363396e-05,1.09344546910743,8.40436654891943e-05,"0.02","N = 3200, 1 predictor",-9.38417406693203
"662",1.32247561990735e-10,1.19587870341382,1.10586100089594e-10,"0.02","N = 3200, 1 predictor",-22.9252267120476
"672",3.6554539693223e-11,1.37513598551414,2.65824908069407e-11,"0.02","N = 3200, 1 predictor",-24.3507683572168
"682",9.2767917775107e-11,1.39272749023689,6.66088078431825e-11,"0.02","N = 3200, 1 predictor",-23.4321842972288
"692",4.16183643052153e-05,1.00803190337404,4.12867530937387e-05,"0.02","N = 3200, 1 predictor",-10.0949688577837
"702",8.59745440064449e-05,1.11013200371879,7.74453341750727e-05,"0.02","N = 3200, 1 predictor",-9.46593823597518
"713",1.12121569276562e-05,1.08813072493175,1.03040532454035e-05,"0.02","N = 3200, 1 predictor",-11.4829732211658
"722",5.74679909045494e-07,1.54667829042529,3.71557493632029e-07,"0.02","N = 3200, 1 predictor",-14.8055622239767
"732",3.83482908809579e-08,1.21374925071464,3.15949038554537e-08,"0.02","N = 3200, 1 predictor",-17.270269999756
"742",2.5026201590896e-09,1.21140402573817,2.06588397092756e-09,"0.02","N = 3200, 1 predictor",-19.9977076290422
"752",1.46589153819015e-06,1.22461762390057,1.19701979587807e-06,"0.02","N = 3200, 1 predictor",-13.6356755936154
"762",4.41240724239215e-06,1.13525095936621,3.88672408156828e-06,"0.02","N = 3200, 1 predictor",-12.457943893546
"772",1.03682725243169e-07,1.19413383181569,8.68267211603227e-08,"0.02","N = 3200, 1 predictor",-16.2593514151863
"782",2.91449895032882e-05,1.26041668234999,2.31232971694319e-05,"0.02","N = 3200, 1 predictor",-10.6746699131935
"792",2.88571886241009e-08,1.25471676190619,2.29989663804765e-08,"0.02","N = 3200, 1 predictor",-17.5878165620064
"802",1.20293474876393e-10,1.05663253677326,1.13846082426862e-10,"0.02","N = 3200, 1 predictor",-22.8961737339637
"813",2.75118311175753e-09,1.22391843633386,2.24784841055133e-09,"0.02","N = 3200, 1 predictor",-19.9132923402174
"822",8.69363025012079e-11,1.33941926064718,6.49059671272773e-11,"0.02","N = 3200, 1 predictor",-23.4580815530355
"832",1.64537703255736e-06,1.21415978224977,1.35515692136381e-06,"0.02","N = 3200, 1 predictor",-13.5115933012134
"842",3.47435334805546e-07,1.22807490916538,2.82910539261542e-07,"0.02","N = 3200, 1 predictor",-15.0781351049619
"852",3.73032975431572e-10,1.3021336198798,2.86478261321606e-10,"0.02","N = 3200, 1 predictor",-21.973358459366
"862",9.24896895135077e-05,1.13533126466961,8.14649366151502e-05,"0.02","N = 3200, 1 predictor",-9.41533785587201
"872",7.87806336971926e-08,1.33863067009019,5.88516574865904e-08,"0.02","N = 3200, 1 predictor",-16.6482458390388
"882",1.3635866941152e-08,1.09572780676283,1.24445750641642e-08,"0.02","N = 3200, 1 predictor",-18.2019810468151
"892",5.51332236534303e-14,1.24115138134174,4.44210307318263e-14,"0.02","N = 3200, 1 predictor",-30.7450633724852
"902",9.67559615939646e-09,1.15505217412128,8.3767611335456e-09,"0.02","N = 3200, 1 predictor",-18.5978044967395
"913",0.000482344256637593,1.23243468096474,0.00039137510822076,"0.02","N = 3200, 1 predictor",-7.8458441018035
"922",6.91714928256261e-14,1.23781828705514,5.58817829313139e-14,"0.02","N = 3200, 1 predictor",-30.5155379546008
"932",0.000306953384866488,1.17796088924238,0.000260580285533851,"0.02","N = 3200, 1 predictor",-8.25259954642736
"942",1.33713223157421e-06,1.14955736091007,1.16317138843393e-06,"0.02","N = 3200, 1 predictor",-13.6643603277583
"952",8.64712715572003e-13,1.31240196691538,6.58877948502615e-13,"0.02","N = 3200, 1 predictor",-28.0482380846892
"962",1.30844252643343e-06,1.07912497197344,1.21250324143702e-06,"0.02","N = 3200, 1 predictor",-13.6228235407882
"972",4.63197874558829e-08,1.10353586944555,4.19739754169979e-08,"0.02","N = 3200, 1 predictor",-16.9862160436435
"982",2.35371226850769e-10,1.19919234156172,1.96274791535313e-10,"0.02","N = 3200, 1 predictor",-22.3515054409499
"992",4.95005343279212e-13,1.33509479105907,3.70764193369782e-13,"0.02","N = 3200, 1 predictor",-28.6232101317669
"1002",5.56414155826166e-08,1.33622608421669,4.16407195158402e-08,"0.02","N = 3200, 1 predictor",-16.9941873139099
"1013",9.88993602359758e-83,1.23261742220617,8.02352444921341e-83,"0.13","N = 3200, 1 predictor",-189.032184935653
"1022",1.34088577135994e-58,1.18833293562238,1.12837550080834e-58,"0.13","N = 3200, 1 predictor",-133.429156405187
"1032",4.68366023894866e-79,1.32560583279713,3.53322241277846e-79,"0.13","N = 3200, 1 predictor",-180.642012027182
"1042",7.45232509264771e-68,1.2858136579646,5.79580489481228e-68,"0.13","N = 3200, 1 predictor",-154.818651961744
"1052",1.21959447618568e-70,1.18544476729128,1.02880750739019e-70,"0.13","N = 3200, 1 predictor",-161.152556137879
"1062",1.48814886323292e-58,1.20709307342358,1.23283688391335e-58,"0.13","N = 3200, 1 predictor",-133.340617470265
"1072",2.19173884428062e-84,1.19635190548523,1.83201851748768e-84,"0.13","N = 3200, 1 predictor",-192.8117294375
"1082",2.35954713282831e-102,1.37023246074793,1.72200498851149e-102,"0.13","N = 3200, 1 predictor",-234.320190182462
"1092",3.34160370630074e-70,1.23471056683963,2.70638625443526e-70,"0.13","N = 3200, 1 predictor",-160.185342250023
"1102",1.28494300911947e-45,1.04610701157379,1.22830933633298e-45,"0.13","N = 3200, 1 predictor",-103.410690484178
"1113",3.20960823293144e-54,1.12270039965995,2.85882879698233e-54,"0.13","N = 3200, 1 predictor",-123.289182992264
"1122",2.05687808090276e-83,1.24420458599663,1.65316709490761e-83,"0.13","N = 3200, 1 predictor",-190.611869818927
"1132",2.10231010673745e-64,1.14977748400242,1.82844953566078e-64,"0.13","N = 3200, 1 predictor",-146.761977592156
"1142",1.22522031256941e-48,1.17386366030091,1.0437500997819e-48,"0.13","N = 3200, 1 predictor",-110.481264370932
"1152",8.84558308776002e-51,1.09344546935523,8.08964263483206e-51,"0.13","N = 3200, 1 predictor",-115.341255186294
"1162",2.29920235769884e-74,1.19587870357789,1.92260498562268e-74,"0.13","N = 3200, 1 predictor",-169.737615851746
"1172",1.89244807166797e-90,1.37513598543227,1.37618976720552e-90,"0.13","N = 3200, 1 predictor",-206.913339727249
"1182",8.0710766652947e-91,1.39272749033457,5.79515858005775e-91,"0.13","N = 3200, 1 predictor",-207.778220621061
"1192",2.01843588050516e-46,1.00803190339844,2.00235317324808e-46,"0.13","N = 3200, 1 predictor",-105.224591202178
"1202",5.95809966850916e-52,1.11013200382258,5.36701910042529e-52,"0.13","N = 3200, 1 predictor",-118.054152183638
"1213",3.49055698454112e-53,1.08813072480766,3.2078470949877e-53,"0.13","N = 3200, 1 predictor",-120.871409903473
"1222",3.21604152363171e-92,1.54667829078053,2.07932156467311e-92,"0.13","N = 3200, 1 predictor",-211.105786885774
"1232",4.3079039365247e-69,1.21374925076395,3.54925363192871e-69,"0.13","N = 3200, 1 predictor",-157.611634079733
"1242",3.47593008824824e-72,1.21140402568414,2.86934005051304e-72,"0.13","N = 3200, 1 predictor",-164.732044639798
"1252",2.80407612037885e-65,1.22461762386775,2.28975646416278e-65,"0.13","N = 3200, 1 predictor",-148.839585580229
"1262",1.54279185762883e-57,1.13525095988904,1.35898749451806e-57,"0.13","N = 3200, 1 predictor",-130.940610367507
"1272",2.03310816966316e-66,1.19413383191335,1.70257982424426e-66,"0.13","N = 3200, 1 predictor",-151.438471493178
"1282",8.98601689209586e-64,1.26041668235222,7.12940174302197e-64,"0.13","N = 3200, 1 predictor",-145.401218627723
"1292",1.52277167751269e-72,1.25471676207335,1.21363778945329e-72,"0.13","N = 3200, 1 predictor",-165.592504408694
"1302",4.58052616745292e-64,1.05663253648178,4.33502282894343e-64,"0.13","N = 3200, 1 predictor",-145.898719075208
"1313",4.94583837639204e-73,1.22391843643329,4.04098690661532e-73,"0.13","N = 3200, 1 predictor",-166.692222842609
"1322",2.13857056724318e-86,1.3394192604686,1.59664014872759e-86,"0.13","N = 3200, 1 predictor",-197.554416483184
"1332",2.28023600559569e-64,1.21415978204624,1.87803618544569e-64,"0.13","N = 3200, 1 predictor",-146.735219302943
"1342",2.12382950755961e-67,1.22807490903736,1.72939736161891e-67,"0.13","N = 3200, 1 predictor",-153.725428228663
"1352",1.38179845077348e-81,1.30213361856743,1.06118022841134e-81,"0.13","N = 3200, 1 predictor",-186.45001082076
"1362",1.66128415000727e-53,1.13533126451501,1.46325940448485e-53,"0.13","N = 3200, 1 predictor",-121.656343512395
"1372",8.47906174810836e-78,1.33863067018116,6.33413079274573e-78,"0.13","N = 3200, 1 predictor",-177.75568465632
"1382",1.00656418589432e-61,1.09572780679516,9.18626121973091e-62,"0.13","N = 3200, 1 predictor",-140.542566743409
"1392",1.76633115783217e-86,1.24115138141754,1.42313917889276e-86,"0.13","N = 3200, 1 predictor",-197.669452876492
"1402",2.17629007566163e-66,1.15505217424703,1.88414872001807e-66,"0.13","N = 3200, 1 predictor",-151.33714002613
"1413",1.18795924715427e-57,1.2324346807667,9.63912542947296e-58,"0.13","N = 3200, 1 predictor",-131.284105012231
"1422",5.82073154091396e-86,1.23781828699788,4.70241197925034e-86,"0.13","N = 3200, 1 predictor",-196.474242433333
"1432",1.22983630271351e-54,1.17795717393264,1.04404160858215e-54,"0.13","N = 3200, 1 predictor",-124.296495678048
"1442",4.82134793796324e-60,1.14955736082081,4.1940907885803e-60,"0.13","N = 3200, 1 predictor",-136.721429000144
"1452",1.81738773788614e-89,1.3124019670224,1.38477980340844e-89,"0.13","N = 3200, 1 predictor",-204.604532136179
"1462",3.00451540227743e-55,1.07912497187538,2.78421450766353e-55,"0.13","N = 3200, 1 predictor",-125.618214325002
"1472",7.10561289144308e-61,1.10353586953198,6.43895054762165e-61,"0.13","N = 3200, 1 predictor",-138.595325104244
"1482",5.68690777402135e-74,1.19919234152826,4.74228159827464e-74,"0.13","N = 3200, 1 predictor",-168.834778511817
"1492",4.93132612643935e-92,1.33509479063038,3.6936149860273e-92,"0.13","N = 3200, 1 predictor",-210.531222905954
"1502",4.59380631196793e-78,1.33622608400511,3.43789600199898e-78,"0.13","N = 3200, 1 predictor",-178.366777596596
"1513",2.76386644452665e-189,1.23261742221123,2.24227436244448e-189,"0.26","N = 3200, 1 predictor",-434.38109188474
"1522",1.04517870022108e-147,1.18833293557886,8.79533562462399e-148,"0.26","N = 3200, 1 predictor",-338.608372224813
"1532",2.197996748806e-193,1.32560583269799,1.65810733069305e-193,"0.26","N = 3200, 1 predictor",-443.893246158195
"1542",1.06606612225229e-171,1.28581365793581,8.2909845891955e-172,"0.26","N = 3200, 1 predictor",-393.929467264582
"1552",3.71204315880459e-166,1.18544476693003,3.13135058027017e-166,"0.26","N = 3200, 1 predictor",-381.087661030233
"1562",2.28095433781316e-149,1.20709307349711,1.88962590200682e-149,"0.26","N = 3200, 1 predictor",-342.448799982079
"1572",5.39781558017036e-188,1.19635190559386,4.51189616945602e-188,"0.26","N = 3200, 1 predictor",-431.379279981038
"1582",4.92448907817492e-234,1.37023246022364,3.59390776465125e-234,"0.26","N = 3200, 1 predictor",-537.525671636278
"1592",2.5354581254117e-170,1.23471056667665,2.05348378303439e-170,"0.26","N = 3200, 1 predictor",-390.719928051836
"1602",7.6631128730772e-115,1.04610701146273,7.32536230912186e-115,"0.26","N = 3200, 1 predictor",-262.805943078639
"1613",6.90639691014957e-135,1.12270039982975,6.15159388132123e-135,"0.26","N = 3200, 1 predictor",-309.032276338261
"1622",1.58741946898332e-191,1.24420458603538,1.27585084221686e-191,"0.26","N = 3200, 1 predictor",-439.550139478587
"1632",3.53879067640599e-153,1.14977748395169,3.07780481510514e-153,"0.26","N = 3200, 1 predictor",-351.171302607579
"1642",2.0234097218759e-130,1.17386366040559,1.7237178303797e-130,"0.26","N = 3200, 1 predictor",-298.791578601854
"1652",6.18487906208347e-127,1.09344546930014,5.65632144970348e-127,"0.26","N = 3200, 1 predictor",-290.695533049866
"1662",7.23361725394984e-173,1.19587870351108,6.04878842035742e-173,"0.26","N = 3200, 1 predictor",-396.54736309708
"1672",1.99256998855979e-216,1.37513598539914,1.44899850612334e-216,"0.26","N = 3200, 1 predictor",-496.987507454347
"1682",5.78727271810266e-219,1.39272749042275,4.15535182431559e-219,"0.26","N = 3200, 1 predictor",-502.841738266048
"1692",5.09871184311297e-113,1.00803190340826,5.05808578664393e-113,"0.26","N = 3200, 1 predictor",-258.571127399637
"1702",3.23046016300401e-130,1.11013200357939,2.90997841030441e-130,"0.26","N = 3200, 1 predictor",-298.267916427209
"1713",3.02009449763477e-130,1.08813072471966,2.77548866972105e-130,"0.26","N = 3200, 1 predictor",-298.315235260334
"1722",8.52000204062892e-239,1.54667829011836,5.50858061114759e-239,"0.26","N = 3200, 1 predictor",-548.61153023793
"1732",1.53727442063499e-166,1.213749250627,1.26655025314402e-166,"0.26","N = 3200, 1 predictor",-381.992828568584
"1742",4.44726599579342e-171,1.21140402553014,3.67116659848245e-171,"0.26","N = 3200, 1 predictor",-392.441541416181
"1752",1.19054110525841e-161,1.22461762373423,9.72173748102764e-162,"0.26","N = 3200, 1 predictor",-370.744420709345
"1762",3.33086579380313e-141,1.13525095956802,2.93403477506908e-141,"0.26","N = 3200, 1 predictor",-323.588119580066
"1772",1.69653050430402e-160,1.19413383180663,1.42072057512792e-160,"0.26","N = 3200, 1 predictor",-368.062450688869
"1782",1.00376749565137e-162,1.26041668249632,7.96377507209251e-163,"0.26","N = 3200, 1 predictor",-373.246467015309
"1792",5.93216993893126e-176,1.25471676198048,4.72789566433125e-176,"0.26","N = 3200, 1 predictor",-403.701496154704
"1802",4.62731984705144e-144,1.05663253689853,4.37930849700478e-144,"0.26","N = 3200, 1 predictor",-330.095362556614
"1813",1.26564159542365e-173,1.22391843625147,1.03408981998831e-173,"0.26","N = 3200, 1 predictor",-398.31369944913
"1822",3.03086820102649e-206,1.33941926044316,2.26282262062119e-206,"0.26","N = 3200, 1 predictor",-473.515916175597
"1832",3.21440596083216e-159,1.21415978246279,2.64743241150033e-159,"0.26","N = 3200, 1 predictor",-365.137439517064
"1842",2.63780103901427e-165,1.2280749090789,2.1479154239807e-165,"0.26","N = 3200, 1 predictor",-379.162042542457
"1852",7.84067489193358e-195,1.30213361888752,6.02140577449513e-195,"0.26","N = 3200, 1 predictor",-447.208772384421
"1862",7.13108694089004e-135,1.13533126429244,6.28106277451478e-135,"0.26","N = 3200, 1 predictor",-309.011448356424
"1872",8.71112228693394e-193,1.33863066997776,6.50748745139588e-193,"0.26","N = 3200, 1 predictor",-442.525969518296
"1882",4.41242315857112e-144,1.09572780683478,4.02693363356109e-144,"0.26","N = 3200, 1 predictor",-330.179248189776
"1892",7.98665812445096e-196,1.2411513814737,6.43487832641967e-196,"0.26","N = 3200, 1 predictor",-449.444945294057
"1902",1.00951107267686e-156,1.15505217422934,8.73996080177428e-157,"0.26","N = 3200, 1 predictor",-359.337953895331
"1913",2.82490692282185e-150,1.23243468117823,2.29213520680964e-150,"0.26","N = 3200, 1 predictor",-344.55828016124
"1922",1.07829178946928e-194,1.23781828706493,8.71122846331577e-195,"0.26","N = 3200, 1 predictor",-446.839480312355
"1932",1.83572950849087e-140,1.17795717416992,1.55840088990031e-140,"0.26","N = 3200, 1 predictor",-321.918252794226
"1942",2.07060024622168e-146,1.14955736091445,1.80121524738406e-146,"0.26","N = 3200, 1 predictor",-335.588962002596
"1952",5.2773247247317e-208,1.31240196681445,4.02111918312739e-208,"0.26","N = 3200, 1 predictor",-477.546139075115
"1962",1.14082064452693e-132,1.07912497269618,1.05717194337242e-132,"0.26","N = 3200, 1 predictor",-303.885634910437
"1972",1.70396568363278e-143,1.10353586953508,1.54409632769858e-143,"0.26","N = 3200, 1 predictor",-328.835229460086
"1982",1.34360662733286e-172,1.19919234160936,1.12042629085647e-172,"0.26","N = 3200, 1 predictor",-395.930926765249
"1992",2.08469608112608e-214,1.33509479092046,1.56145922769186e-214,"0.26","N = 3200, 1 predictor",-492.307589114314
"2002",5.96051886597428e-193,1.33622608394535,4.4607113553533e-193,"0.26","N = 3200, 1 predictor",-442.903614697821
"H13",31.487873185482,19.7870360380714,1.59133854736493,"0","N = 3200, 2 predictors",0.464575515760709
"214",166.351541800858,16.6160909523204,10.0114727512146,"0","N = 3200, 2 predictors",2.30373171049833
"314",266.578095145704,15.3421710919779,17.3755131231127,"0","N = 3200, 2 predictors",2.85506192328027
"414",165.749724699952,16.6134615499008,9.97683259458601,"0","N = 3200, 2 predictors",2.30026566465719
"514",57.4050752172276,20.7126729197295,2.77149527922818,"0","N = 3200, 2 predictors",1.0193869865489
"614",213.705631499276,16.4659928504949,12.9786058720931,"0","N = 3200, 2 predictors",2.56330229965953
"714",66.6189265957619,16.9735309822373,3.92487141688304,"0","N = 3200, 2 predictors",1.36733359066795
"814",179.603717394144,15.4321060647789,11.6383153822445,"0","N = 3200, 2 predictors",2.45430270521808
"914",5.68829098709304,15.9630058811038,0.35634209681189,"0","N = 3200, 2 predictors",-1.03186406344243
"1014",293.067378382651,16.6485325188935,17.6031958402379,"0","N = 3200, 2 predictors",2.86808046739182
"1114",22.9538483601165,14.3130070455293,1.60370551674438,"0","N = 3200, 2 predictors",0.472316899536922
"1214",281.403152077213,16.1290391061998,17.4469880210685,"0","N = 3200, 2 predictors",2.85916702750777
"1314",267.268172844556,19.3845260827189,13.7877073550342,"0","N = 3200, 2 predictors",2.62377742381625
"1414",170.787468595532,20.9104265876813,8.16757457717989,"0","N = 3200, 2 predictors",2.10017199541925
"1514",144.429436407628,17.3798975431914,8.3101431437499,"0","N = 3200, 2 predictors",2.11747683420033
"1614",51.2445870541343,16.0487651130438,3.19305483588172,"0","N = 3200, 2 predictors",1.16097808736586
"1714",84.930115683447,15.0532953474255,5.64196169166191,"0","N = 3200, 2 predictors",1.73023182270598
"1814",227.744753895791,14.8421019475588,15.3445081229381,"0","N = 3200, 2 predictors",2.73075763300845
"1914",47.145940112567,16.4979017759021,2.85769310261207,"0","N = 3200, 2 predictors",1.05001469187062
"203",31.0782537098141,14.7925822854729,2.10093498958155,"0","N = 3200, 2 predictors",0.742382478776585
"215",19.1163546065124,16.0424373382203,1.19161161134591,"0","N = 3200, 2 predictors",0.175306686141427
"223",206.509236013243,16.3740515366,12.6119815582383,"0","N = 3200, 2 predictors",2.53464727944248
"233",32.6569675574196,18.7346193883435,1.74313482865516,"0","N = 3200, 2 predictors",0.555685117909447
"243",100.452802876581,15.9124454040477,6.31284509237207,"0","N = 3200, 2 predictors",1.84258646120578
"253",151.758693756818,15.8871058073777,9.55231843967097,"0","N = 3200, 2 predictors",2.25678389358106
"263",367.799949012952,20.1458696637686,18.2568414842087,"0","N = 3200, 2 predictors",2.90453988562716
"273",202.554291511637,15.9707270445521,12.6828472458761,"0","N = 3200, 2 predictors",2.5402504700071
"283",3.67855175966462,16.4865867102791,0.223123914264867,"0","N = 3200, 2 predictors",-1.50002799249988
"293",104.318164469999,18.9136581152513,5.51549382114932,"0","N = 3200, 2 predictors",1.7075611901564
"303",274.161489865355,19.4442455616631,14.0998779816842,"0","N = 3200, 2 predictors",2.64616614356542
"315",272.989729558406,17.5887210253882,15.5207265590467,"0","N = 3200, 2 predictors",2.74217632803088
"323",322.836441254141,17.5002472514231,18.4475360042635,"0","N = 3200, 2 predictors",2.91493081166354
"333",42.3652400761281,13.8465062289484,3.05963391599511,"0","N = 3200, 2 predictors",1.1182952735117
"343",261.282754045458,16.9357395937634,15.4278915661691,"0","N = 3200, 2 predictors",2.7361770119423
"353",183.906828326177,18.7610067092465,9.80260980534366,"0","N = 3200, 2 predictors",2.28264865689092
"363",275.579555727452,17.2073096196961,16.0152610616138,"0","N = 3200, 2 predictors",2.77354208399687
"373",206.760142732508,17.0097482117715,12.1553911414998,"0","N = 3200, 2 predictors",2.49777278672379
"383",301.447525037084,17.1591742093837,17.5677174996121,"0","N = 3200, 2 predictors",2.86606298480234
"393",48.1510899609322,19.0324521414826,2.52994672483549,"0","N = 3200, 2 predictors",0.928198245140444
"403",219.218379812125,16.3272964566821,13.4264959537994,"0","N = 3200, 2 predictors",2.59723006463762
"415",107.108606348318,17.3559477243124,6.17129113602247,"0","N = 3200, 2 predictors",1.81990807632079
"423",186.523341296118,14.1957749687323,13.1393560201507,"0","N = 3200, 2 predictors",2.57561200273453
"433",24.0831648274111,15.5593997595233,1.54782094422831,"0","N = 3200, 2 predictors",0.436848099374193
"443",190.714815541591,17.0294679950078,11.199105902633,"0","N = 3200, 2 predictors",2.4158339449924
"453",195.774488677858,17.3324166889279,11.2952793711058,"0","N = 3200, 2 predictors",2.42438488366507
"463",72.4476076740645,16.66006094018,4.34857999224591,"0","N = 3200, 2 predictors",1.46984935324377
"473",212.140157312269,16.6708161799417,12.7252412252926,"0","N = 3200, 2 predictors",2.5435875190579
"483",108.791968097095,16.0225550749149,6.78992630004566,"0","N = 3200, 2 predictors",1.91544008732107
"493",60.6292440467465,16.5895221650782,3.6546709087483,"0","N = 3200, 2 predictors",1.29600605050186
"503",274.050245700364,18.7477669971509,14.6177539832884,"0","N = 3200, 2 predictors",2.68223681620584
"515",2.50424215048654e-11,19.7870360274722,1.26559740782281e-12,"0.02","N = 3200, 2 predictors",-27.3954768460798
"523",1.14883050012172e-07,16.6160909425508,6.91396372404158e-09,"0.02","N = 3200, 2 predictors",-18.7897227422005
"533",2.16247635494928e-06,15.3421710816503,1.40949826686241e-07,"0.02","N = 3200, 2 predictors",-15.7748618489987
"543",1.20606718128344e-08,16.6134615759442,7.25957787767593e-10,"0.02","N = 3200, 2 predictors",-21.043529246365
"553",5.62133739650343e-05,20.7126729285404,2.71396039318406e-06,"0.02","N = 3200, 2 predictors",-12.8171015901791
"563",9.79472777985214e-05,16.4659928450681,5.94845866387331e-06,"0.02","N = 3200, 2 predictors",-12.032378420054
"573",5.78695171197999e-13,16.9735310106729,3.40939767237657e-14,"0.02","N = 3200, 2 predictors",-31.0096556618898
"583",1.51708086071916e-05,15.4321001320432,9.8306831068903e-07,"0.02","N = 3200, 2 predictors",-13.8325872271598
"593",0.0142629179437593,15.9630058815805,0.00089349825775715,"0.02","N = 3200, 2 predictors",-7.02036617327475
"603",2.13299988271722e-10,16.6485326866355,1.28119391832619e-11,"0.02","N = 3200, 2 predictors",-25.0806436310504
"615",6.695124125341e-12,14.3130070349367,4.67765027223059e-13,"0.02","N = 3200, 2 predictors",-28.3908103036599
"623",0.00011337748333654,16.1290390953704,7.02940098701126e-06,"0.02","N = 3200, 2 predictors",-11.8654090638786
"633",1.33611884693269e-13,19.3845260883312,6.89270834295499e-15,"0.02","N = 3200, 2 predictors",-32.6083123039646
"643",6.8659976295558e-15,20.9104266080105,3.28352824084686e-16,"0.02","N = 3200, 2 predictors",-35.6524429604563
"653",8.71126341091686e-13,17.3798975185503,5.01226396854123e-14,"0.02","N = 3200, 2 predictors",-30.624303598963
"663",2.89400345914112e-12,16.0487651062601,1.80325616331207e-13,"0.02","N = 3200, 2 predictors",-29.3440121986357
"673",6.84532759125255e-12,15.0532953338501,4.54739473280617e-13,"0.02","N = 3200, 2 predictors",-28.4190517261463
"683",4.40195268807674e-08,14.8421019452294,2.9658553110071e-09,"0.02","N = 3200, 2 predictors",-19.6361003769536
"693",0.000171992754800027,16.497901770611,1.04251290371004e-05,"0.02","N = 3200, 2 predictors",-11.4712914126965
"703",2.56840821670537e-14,14.7925822474303,1.73628118048932e-15,"0.02","N = 3200, 2 predictors",-33.9870308214604
"715",8.69384182995517e-15,16.0424373475351,5.41927740879783e-16,"0.02","N = 3200, 2 predictors",-35.151399000751
"723",5.98327451037113e-06,16.3740515538838,3.6541197459171e-07,"0.02","N = 3200, 2 predictors",-14.8222404223525
"733",0.00687521536533568,18.7346193904849,0.000366979185540728,"0.02","N = 3200, 2 predictors",-7.91020542666595
"743",1.02735866390167e-11,15.9124454059076,6.456321688433e-13,"0.02","N = 3200, 2 predictors",-28.0685464513721
"753",2.08326710684351e-11,15.8871058022582,1.31129428655746e-12,"0.02","N = 3200, 2 predictors",-27.3600064614655
"763",3.74555235723173e-11,20.1458696515414,1.85921601897446e-12,"0.02","N = 3200, 2 predictors",-27.0108662122325
"773",0.000107931206774281,15.9707270487603,6.75806470455326e-06,"0.02","N = 3200, 2 predictors",-11.9047739952058
"783",0.577566244822089,16.4865867084178,0.0350324936893815,"0.02","N = 3200, 2 predictors",-3.35147925705603
"793",4.55292507018795e-11,18.9136583021063,2.40721546168618e-12,"0.02","N = 3200, 2 predictors",-26.7525504465155
"803",3.31541332999e-09,19.4442455642481,1.70508715240977e-10,"0.02","N = 3200, 2 predictors",-22.4922347047285
"815",1.84538004771383e-10,17.5887194111043,1.04918385732436e-11,"0.02","N = 3200, 2 predictors",-25.2804234397415
"823",1.48387698060501e-09,17.5002472536203,8.47917723161333e-11,"0.02","N = 3200, 2 predictors",-23.1908226024118
"833",0.00227986069660352,13.8465062330609,0.000164652415434586,"0.02","N = 3200, 2 predictors",-8.71167387913359
"843",7.77126949909542e-06,16.9357395854477,4.58868032298571e-07,"0.02","N = 3200, 2 predictors",-14.5945031795573
"853",2.57555180879939e-10,18.7610066997065,1.37282175206498e-11,"0.02","N = 3200, 2 predictors",-25.0115677282728
"863",3.44074669286692e-07,17.2073096187253,1.99958434473837e-08,"0.02","N = 3200, 2 predictors",-17.7277414126224
"873",2.33836436462564e-07,17.0097482064105,1.37472015237967e-08,"0.02","N = 3200, 2 predictors",-18.10243055909
"883",2.72049695638089e-08,17.15917421382,1.5854474827756e-09,"0.02","N = 3200, 2 predictors",-20.2623991459452
"893",0.00713922049287312,19.0324521431172,0.000375107760113556,"0.02","N = 3200, 2 predictors",-7.88829721297111
"903",1.57012443632323e-09,16.3272964519462,9.61656108189346e-11,"0.02","N = 3200, 2 predictors",-23.0649492980613
"915",0.000700748850051038,17.3559477229861,4.03751417805305e-05,"0.02","N = 3200, 2 predictors",-10.1172962648355
"923",2.45836242305792e-09,14.1957749723543,1.73175640487785e-10,"0.02","N = 3200, 2 predictors",-22.4767147735264
"933",3.91110814999497e-10,15.5593997690984,2.51366261426267e-11,"0.02","N = 3200, 2 predictors",-24.4066951245319
"943",4.33037584188562e-08,17.0294679965592,2.54287206315581e-09,"0.02","N = 3200, 2 predictors",-19.7899716611877
"953",1.1880585368522e-05,17.3324166958628,6.85454635495691e-07,"0.02","N = 3200, 2 predictors",-14.193183517383
"963",0.000397359610534187,16.6600608593703,2.38510299505117e-05,"0.02","N = 3200, 2 predictors",-10.6436831570545
"973",4.01992821307053e-09,16.6708161780071,2.41135657075615e-10,"0.02","N = 3200, 2 predictors",-22.1456614483725
"983",1.55456122705194e-05,16.0225550710231,9.70233037216004e-07,"0.02","N = 3200, 2 predictors",-13.8457295497505
"993",3.53228684659791e-16,16.5895221398166,2.12922760331959e-17,"0.02","N = 3200, 2 predictors",-38.3881872944922
"1003",4.73553194745389e-09,18.747767014993,2.52591785659955e-10,"0.02","N = 3200, 2 predictors",-22.0992464257018
"1015",9.58413312135241e-77,19.7870360251496,4.84364263003859e-78,"0.13","N = 3200, 2 predictors",-178.023970206363
"1023",8.36664782346637e-64,16.6160909475305,5.03526843340359e-65,"0.13","N = 3200, 2 predictors",-148.051564206377
"1033",8.66022107311762e-63,15.3421710840096,5.64471679118722e-64,"0.13","N = 3200, 2 predictors",-145.634725925128
"1043",9.43052207540696e-63,16.6134615848651,5.67643415385399e-64,"0.13","N = 3200, 2 predictors",-145.629122705843
"1053",3.42614135296146e-67,20.7126729272781,1.65412806207609e-68,"0.13","N = 3200, 2 predictors",-156.07251230431
"1063",3.52869930148219e-54,16.4659928432542,2.14302249191601e-55,"0.13","N = 3200, 2 predictors",-125.879962902708
"1073",4.80111793568264e-83,16.9735310012177,2.82859113718778e-84,"0.13","N = 3200, 2 predictors",-192.377369055186
"1083",6.66743018721103e-54,15.4320992610042,4.3204946225684e-55,"0.13","N = 3200, 2 predictors",-125.178810223006
"1093",1.04588477736003e-59,15.9630058777843,6.55192878689333e-61,"0.13","N = 3200, 2 predictors",-138.577931195056
"1103",3.2609301663091e-90,16.6485326480623,1.95868923420626e-91,"0.13","N = 3200, 2 predictors",-208.862967970992
"1115",1.07923544635555e-65,14.3130070382376,7.54024254632407e-67,"0.13","N = 3200, 2 predictors",-152.252946881151
"1123",3.07687007324967e-48,16.1290390990439,1.90765863629909e-49,"0.13","N = 3200, 2 predictors",-112.180792911482
"1133",2.6984994539557e-99,19.3845260906413,1.39208946421368e-100,"0.13","N = 3200, 2 predictors",-229.927703469289
"1143",2.09522257792828e-108,20.9104266084982,1.00199896308035e-109,"0.13","N = 3200, 2 predictors",-250.979778168539
"1153",5.36582049122994e-86,17.3798975513446,3.08737176118441e-87,"0.13","N = 3200, 2 predictors",-199.19758292423
"1163",2.44924396886421e-77,16.0487651006412,1.52612612466136e-78,"0.13","N = 3200, 2 predictors",-179.17890467359
"1173",1.60869056895799e-80,15.0532953446933,1.06866339371007e-81,"0.13","N = 3200, 2 predictors",-186.442983829657
"1183",3.34309602716427e-65,14.8421019491971,2.25244108860546e-66,"0.13","N = 3200, 2 predictors",-151.158601581231
"1193",5.62922824615279e-60,16.4979017714169,3.4120873818667e-61,"0.13","N = 3200, 2 predictors",-139.230366433175
"1203",2.90147998200531e-83,14.7925823056712,1.96144251358529e-84,"0.13","N = 3200, 2 predictors",-192.743467632636
"1215",1.64426573687731e-81,16.0424373503005,1.02494758182522e-82,"0.13","N = 3200, 2 predictors",-188.787336153912
"1223",2.37978856763345e-65,16.3740515068031,1.45339018058218e-66,"0.13","N = 3200, 2 predictors",-151.5967172546
"1233",3.33352924701675e-52,18.734619387423,1.77934185802282e-53,"0.13","N = 3200, 2 predictors",-121.460766375436
"1243",7.6394595712653e-81,15.9124454048281,4.80093372006001e-82,"0.13","N = 3200, 2 predictors",-187.243167201503
"1253",1.6637940642892e-83,15.8871058056192,1.0472606430938e-84,"0.13","N = 3200, 2 predictors",-193.37096996781
"1263",1.2603390031704e-89,20.1458696616698,6.25606650066024e-91,"0.13","N = 3200, 2 predictors",-207.701691829371
"1273",8.27313804082401e-53,15.9707270484913,5.18018873887495e-54,"0.13","N = 3200, 2 predictors",-122.694753529995
"1283",1.13034532942026e-44,16.4865867127677,6.85615130113552e-46,"0.13","N = 3200, 2 predictors",-103.993768028247
"1293",3.55789176593413e-78,18.9136595068581,1.88112288087032e-79,"0.13","N = 3200, 2 predictors",-181.272353470928
"1303",1.76898886027794e-77,19.4442455701448,9.09775004587526e-79,"0.13","N = 3200, 2 predictors",-179.696195211284
"1315",1.25810025302021e-79,17.5886959096562,7.1528910357107e-81,"0.13","N = 3200, 2 predictors",-184.541875916877
"1323",6.90168063406233e-82,17.5002472527318,3.94376178484277e-83,"0.13","N = 3200, 2 predictors",-189.74242768297
"1333",2.84550948546261e-46,13.8465062403113,2.05503788181489e-47,"0.13","N = 3200, 2 predictors",-107.501205088969
"1343",9.68220607331196e-61,16.9357395913711,5.71702583230857e-62,"0.13","N = 3200, 2 predictors",-141.016827054851
"1353",1.65365913609414e-86,18.7610066530409,8.81434118475782e-88,"0.13","N = 3200, 2 predictors",-200.451108108393
"1363",2.72290716428837e-70,17.2073096198553,1.5824130700516e-71,"0.13","N = 3200, 2 predictors",-163.024590661087
"1373",7.46049819367258e-68,17.0097482134518,4.3860133025206e-69,"0.13","N = 3200, 2 predictors",-157.399950733648
"1383",2.77010120427451e-72,17.1591742030347,1.61435577930353e-73,"0.13","N = 3200, 2 predictors",-167.609775809736
"1393",1.19367810791987e-52,19.0324521412543,6.27180406949499e-54,"0.13","N = 3200, 2 predictors",-122.503530978038
"1403",2.42491412426894e-69,16.3272964451221,1.48519023490469e-70,"0.13","N = 3200, 2 predictors",-160.78541364122
"1415",4.07600206310004e-55,17.3559477182446,2.34847565184547e-56,"0.13","N = 3200, 2 predictors",-128.09099874877
"1423",2.30640289038831e-67,14.195774956929,1.62471080119691e-68,"0.13","N = 3200, 2 predictors",-156.090456492146
"1433",7.29590556105433e-70,15.559399763802,4.68906620551509e-71,"0.13","N = 3200, 2 predictors",-161.938308143244
"1443",9.12922277247235e-77,17.0294679872288,5.36083850612292e-78,"0.13","N = 3200, 2 predictors",-177.922516852978
"1453",1.12747442372962e-62,17.3324167016059,6.50500413843127e-64,"0.13","N = 3200, 2 predictors",-145.492874203462
"1463",1.30610474828979e-58,16.6600609103629,7.83973573276289e-60,"0.13","N = 3200, 2 predictors",-136.095900453404
"1473",7.34131795876673e-73,16.6708161768199,4.40369438478636e-74,"0.13","N = 3200, 2 predictors",-168.908853060024
"1483",2.76424179338007e-62,16.0225550698297,1.72521909354215e-63,"0.13","N = 3200, 2 predictors",-144.517506805458
"1493",8.80303022378552e-99,16.589522137944,5.30637962358843e-100,"0.13","N = 3200, 2 predictors",-228.589599500152
"1503",2.57830507647714e-80,18.7477669981516,1.37525982520017e-81,"0.13","N = 3200, 2 predictors",-186.190749855469
"1515",2.29435519713192e-181,19.7870360421236,1.15952444431172e-182,"0.26","N = 3200, 2 predictors",-418.922476965656
"1523",9.3111120930033e-156,16.6160909469232,5.6036718399928e-157,"0.26","N = 3200, 2 predictors",-359.782437531479
"1533",3.8121975745185e-157,15.3421710711626,2.4847836442679e-158,"0.26","N = 3200, 2 predictors",-362.898259101982
"1543",4.72230284401482e-149,16.6134615812784,2.84245569227809e-150,"0.26","N = 3200, 2 predictors",-344.343095590175
"1553",1.82211456191969e-176,20.7126729827024,8.79710003359476e-178,"0.26","N = 3200, 2 predictors",-407.685724427404
"1563",3.05233032702171e-138,16.4659928417738,1.85371775413265e-139,"0.26","N = 3200, 2 predictors",-319.442134706792
"1573",3.59115719009994e-193,16.9735310046932,2.11573961193283e-194,"0.26","N = 3200, 2 predictors",-445.952103591163
"1583",1.44619663353567e-134,15.4321175641087,9.37134276957018e-136,"0.26","N = 3200, 2 predictors",-310.913916256024
"1593",3.02940366322779e-165,15.9630058855154,1.89776517339797e-166,"0.26","N = 3200, 2 predictors",-381.588448467662
"1603",1.58141834810384e-222,16.6485330495681,9.49884499370273e-224,"0.26","N = 3200, 2 predictors",-513.527890619061
"1615",3.98008914911982e-147,14.3130070374612,2.78074980240198e-148,"0.26","N = 3200, 2 predictors",-339.759873158688
"1623",7.17855741073687e-121,16.1290390991065,4.45070370691491e-122,"0.26","N = 3200, 2 predictors",-279.422319125212
"1633",2.53918794024862e-237,19.3845260950329,1.30990457429819e-238,"0.26","N = 3200, 2 predictors",-547.74529784207
"1643",1.4508495174676e-259,20.9104265558239,6.9384023018101e-261,"0.26","N = 3200, 2 predictors",-599.037637739308
"1653",7.10373087163013e-202,17.3798975299376,4.08732609579179e-203,"0.26","N = 3200, 2 predictors",-466.016882887845
"1663",2.98384057696935e-179,16.048765096236,1.85923375354853e-180,"0.26","N = 3200, 2 predictors",-413.84515229654
"1673",1.44665665512798e-189,15.0532953551266,9.6102323179044e-191,"0.26","N = 3200, 2 predictors",-437.530924364573
"1683",4.57898787273596e-158,14.8421019496105,3.08513436188607e-159,"0.26","N = 3200, 2 predictors",-364.984434576359
"1693",2.73455327233644e-157,16.4979017894397,1.65751579033331e-158,"0.26","N = 3200, 2 predictors",-363.30312472343
"1703",2.18454898375482e-189,14.7925822676492,1.47678677341706e-190,"0.26","N = 3200, 2 predictors",-437.101299040388
"1715",6.94382425745518e-183,16.0424373447644,4.32840977229771e-184,"0.26","N = 3200, 2 predictors",-422.210456894476
"1723",1.76703350582666e-166,16.3740514289261,1.07916694502684e-167,"0.26","N = 3200, 2 predictors",-384.455521133708
"1733",9.46140498538543e-141,18.7346193875467,5.05022535535183e-142,"0.26","N = 3200, 2 predictors",-325.347650338041
"1743",4.89258205504801e-191,15.9124454054431,3.07468898110056e-192,"0.26","N = 3200, 2 predictors",-440.973134103071
"1753",1.19070373771952e-199,15.8871058031302,7.49478068865707e-201,"0.26","N = 3200, 2 predictors",-460.805396821696
"1763",7.8224166792913e-218,20.1458696735288,3.88288855534978e-219,"0.26","N = 3200, 2 predictors",-502.909556016015
"1773",1.98930146748086e-134,15.9707270518823,1.24559230210274e-135,"0.26","N = 3200, 2 predictors",-310.629376392749
"1783",1.61558561141371e-127,16.4865867045725,9.79939413999883e-129,"0.26","N = 3200, 2 predictors",-294.751156434916
"1793",1.36494350579222e-185,18.9136620272357,7.21670665271855e-187,"0.26","N = 3200, 2 predictors",-428.607013683329
"1803",1.04577021723154e-189,19.4442455647597,5.37830184127517e-191,"0.26","N = 3200, 2 predictors",-438.1113800804
"1815",2.3713336606093e-191,17.5887028635543,1.34821406615661e-192,"0.26","N = 3200, 2 predictors",-441.797557052188
"1823",3.38958681282167e-201,17.5002472479302,1.93687938507415e-202,"0.26","N = 3200, 2 predictors",-464.461110671246
"1833",2.09295676141025e-121,13.8465062433361,1.51154141313988e-122,"0.26","N = 3200, 2 predictors",-280.502251411708
"1843",3.19873586947452e-153,16.9357395927823,1.88874885088441e-154,"0.26","N = 3200, 2 predictors",-353.962189694878
"1853",2.42536374345413e-212,18.7610066751853,1.2927684454492e-213,"0.26","N = 3200, 2 predictors",-490.193838807159
"1863",3.95478476496665e-176,17.2073096236036,2.29831673368728e-177,"0.26","N = 3200, 2 predictors",-406.725384459866
"1873",1.36414695421691e-168,17.0097482143937,8.01979510233176e-170,"0.26","N = 3200, 2 predictors",-389.357552935773
"1883",8.2401456430342e-178,17.1591742250475,4.80218076637158e-179,"0.26","N = 3200, 2 predictors",-410.593661504868
"1893",8.11172708560642e-142,19.032452140473,4.26205043140848e-143,"0.26","N = 3200, 2 predictors",-327.819917931739
"1903",7.50942952781162e-165,16.327296453985,4.59930984224814e-166,"0.26","N = 3200, 2 predictors",-380.703219179067
"1915",1.09554401310074e-144,17.3559477129845,6.31221084101985e-146,"0.26","N = 3200, 2 predictors",-334.334937590942
"1923",6.63464595359988e-160,14.1957749768721,4.67367647374597e-161,"0.26","N = 3200, 2 predictors",-369.174253956603
"1933",7.58709767404974e-166,15.5593997677281,4.87621488444959e-167,"0.26","N = 3200, 2 predictors",-382.947341249536
"1943",4.90213072967459e-192,17.0294679933189,2.87861648502339e-193,"0.26","N = 3200, 2 predictors",-443.341613156271
"1953",8.63778973939202e-160,17.3324164443925,4.98360385414497e-161,"0.26","N = 3200, 2 predictors",-369.110046677233
"1963",2.62581818028683e-154,16.6600609356947,1.57611559190695e-155,"0.26","N = 3200, 2 predictors",-356.445726080212
"1973",1.0800421079049e-176,16.6708161713601,6.47863965868919e-178,"0.26","N = 3200, 2 predictors",-407.991635993829
"1983",1.55042008332378e-159,16.0225550719136,9.67648465781562e-161,"0.26","N = 3200, 2 predictors",-368.446501291894
"1993",2.06979829748847e-227,16.5895221514354,1.24765395807943e-228,"0.26","N = 3200, 2 predictors",-524.768136248324
"2003",1.38066608204997e-198,18.7477669767258,7.36442950119861e-200,"0.26","N = 3200, 2 predictors",-458.520357012696
